<?xml version="1.0" encoding="UTF-8"?>
<!DOCTYPE mapper PUBLIC "-//mybatis.org//DTD Mapper 3.0//EN" "http://mybatis.org/dtd/mybatis-3-mapper.dtd">
<mapper namespace="com.cqupt.dao.oracle.HAdministratorMapper">
  <resultMap id="BaseResultMap" type="com.cqupt.entity.HAdministrator">
    <!--
      WARNING - @mbg.generated
      This element is automatically generated by MyBatis Generator, do not modify.
      This element was generated on Sun Apr 17 15:27:43 CST 2022.
    -->
    <id column="h_admin_id" jdbcType="INTEGER" property="hAdminId" />
    <result column="h_admin_name" jdbcType="VARCHAR" property="hAdminName" />
    <result column="h_admin_pwd" jdbcType="VARCHAR" property="hAdminPwd" />
    <result column="h_admin_phone" jdbcType="DECIMAL" property="hAdminPhone" />
    <result column="h_admin_gender" jdbcType="CHAR" property="hAdminGender" />
  </resultMap>
  <sql id="Example_Where_Clause">
    <!--
      WARNING - @mbg.generated
      This element is automatically generated by MyBatis Generator, do not modify.
      This element was generated on Sun Apr 17 15:27:43 CST 2022.
    -->
    <where>
      <foreach collection="oredCriteria" item="criteria" separator="or">
        <if test="criteria.valid">
          <trim prefix="(" prefixOverrides="and" suffix=")">
            <foreach collection="criteria.criteria" item="criterion">
              <choose>
                <when test="criterion.noValue">
                  and ${criterion.condition}
                </when>
                <when test="criterion.singleValue">
                  and ${criterion.condition} #{criterion.value}
                </when>
                <when test="criterion.betweenValue">
                  and ${criterion.condition} #{criterion.value} and #{criterion.secondValue}
                </when>
                <when test="criterion.listValue">
                  and ${criterion.condition}
                  <foreach close=")" collection="criterion.value" item="listItem" open="(" separator=",">
                    #{listItem}
                  </foreach>
                </when>
              </choose>
            </foreach>
          </trim>
        </if>
      </foreach>
    </where>
  </sql>
  <sql id="Update_By_Example_Where_Clause">
    <!--
      WARNING - @mbg.generated
      This element is automatically generated by MyBatis Generator, do not modify.
      This element was generated on Sun Apr 17 15:27:43 CST 2022.
    -->
    <where>
      <foreach collection="example.oredCriteria" item="criteria" separator="or">
        <if test="criteria.valid">
          <trim prefix="(" prefixOverrides="and" suffix=")">
            <foreach collection="criteria.criteria" item="criterion">
              <choose>
                <when test="criterion.noValue">
                  and ${criterion.condition}
                </when>
                <when test="criterion.singleValue">
                  and ${criterion.condition} #{criterion.value}
                </when>
                <when test="criterion.betweenValue">
                  and ${criterion.condition} #{criterion.value} and #{criterion.secondValue}
                </when>
                <when test="criterion.listValue">
                  and ${criterion.condition}
                  <foreach close=")" collection="criterion.value" item="listItem" open="(" separator=",">
                    #{listItem}
                  </foreach>
                </when>
              </choose>
            </foreach>
          </trim>
        </if>
      </foreach>
    </where>
  </sql>
  <sql id="Base_Column_List">
    <!--
      WARNING - @mbg.generated
      This element is automatically generated by MyBatis Generator, do not modify.
      This element was generated on Sun Apr 17 15:27:43 CST 2022.
    -->
    h_admin_id, h_admin_name, h_admin_pwd, h_admin_phone, h_admin_gender
  </sql>
  <select id="selectByExample" parameterType="com.cqupt.entity.HAdministratorExample" resultMap="BaseResultMap">
    <!--
      WARNING - @mbg.generated
      This element is automatically generated by MyBatis Generator, do not modify.
      This element was generated on Sun Apr 17 15:27:43 CST 2022.
    -->
    select
    <if test="distinct">
      distinct
    </if>
    <include refid="Base_Column_List" />
    from h_administrator
    <if test="_parameter != null">
      <include refid="Example_Where_Clause" />
    </if>
    <if test="orderByClause != null">
      order by ${orderByClause}
    </if>
  </select>
  <select id="selectByPrimaryKey" parameterType="java.lang.Integer" resultMap="BaseResultMap">
    <!--
      WARNING - @mbg.generated
      This element is automatically generated by MyBatis Generator, do not modify.
      This element was generated on Sun Apr 17 15:27:43 CST 2022.
    -->
    select 
    <include refid="Base_Column_List" />
    from h_administrator
    where h_admin_id = #{hAdminId,jdbcType=INTEGER}
  </select>
  <delete id="deleteByPrimaryKey" parameterType="java.lang.Integer">
    <!--
      WARNING - @mbg.generated
      This element is automatically generated by MyBatis Generator, do not modify.
      This element was generated on Sun Apr 17 15:27:43 CST 2022.
    -->
    delete from h_administrator
    where h_admin_id = #{hAdminId,jdbcType=INTEGER}
  </delete>
  <delete id="deleteByExample" parameterType="com.cqupt.entity.HAdministratorExample">
    <!--
      WARNING - @mbg.generated
      This element is automatically generated by MyBatis Generator, do not modify.
      This element was generated on Sun Apr 17 15:27:43 CST 2022.
    -->
    delete from h_administrator
    <if test="_parameter != null">
      <include refid="Example_Where_Clause" />
    </if>
  </delete>
  <insert id="insert" parameterType="com.cqupt.entity.HAdministrator">
    <!--
      WARNING - @mbg.generated
      This element is automatically generated by MyBatis Generator, do not modify.
      This element was generated on Sun Apr 17 15:27:43 CST 2022.
    -->
    <selectKey keyProperty="hAdminId" order="AFTER" resultType="java.lang.Integer">
      SELECT LAST_INSERT_ID()
    </selectKey>
    insert into h_administrator (h_admin_name, h_admin_pwd, h_admin_phone, 
      h_admin_gender)
    values (#{hAdminName,jdbcType=VARCHAR}, #{hAdminPwd,jdbcType=VARCHAR}, #{hAdminPhone,jdbcType=DECIMAL}, 
      #{hAdminGender,jdbcType=CHAR})
  </insert>
  <insert id="insertSelective" parameterType="com.cqupt.entity.HAdministrator">
    <!--
      WARNING - @mbg.generated
      This element is automatically generated by MyBatis Generator, do not modify.
      This element was generated on Sun Apr 17 15:27:43 CST 2022.
    -->
    <selectKey keyProperty="hAdminId" order="AFTER" resultType="java.lang.Integer">
      SELECT LAST_INSERT_ID()
    </selectKey>
    insert into h_administrator
    <trim prefix="(" suffix=")" suffixOverrides=",">
      <if test="hAdminName != null">
        h_admin_name,
      </if>
      <if test="hAdminPwd != null">
        h_admin_pwd,
      </if>
      <if test="hAdminPhone != null">
        h_admin_phone,
      </if>
      <if test="hAdminGender != null">
        h_admin_gender,
      </if>
    </trim>
    <trim prefix="values (" suffix=")" suffixOverrides=",">
      <if test="hAdminName != null">
        #{hAdminName,jdbcType=VARCHAR},
      </if>
      <if test="hAdminPwd != null">
        #{hAdminPwd,jdbcType=VARCHAR},
      </if>
      <if test="hAdminPhone != null">
        #{hAdminPhone,jdbcType=DECIMAL},
      </if>
      <if test="hAdminGender != null">
        #{hAdminGender,jdbcType=CHAR},
      </if>
    </trim>
  </insert>
  <select id="countByExample" parameterType="com.cqupt.entity.HAdministratorExample" resultType="java.lang.Long">
    <!--
      WARNING - @mbg.generated
      This element is automatically generated by MyBatis Generator, do not modify.
      This element was generated on Sun Apr 17 15:27:43 CST 2022.
    -->
    select count(*) from h_administrator
    <if test="_parameter != null">
      <include refid="Example_Where_Clause" />
    </if>
  </select>
  <update id="updateByExampleSelective" parameterType="map">
    <!--
      WARNING - @mbg.generated
      This element is automatically generated by MyBatis Generator, do not modify.
      This element was generated on Sun Apr 17 15:27:43 CST 2022.
    -->
    update h_administrator
    <set>
      <if test="record.hAdminId != null">
        h_admin_id = #{record.hAdminId,jdbcType=INTEGER},
      </if>
      <if test="record.hAdminName != null">
        h_admin_name = #{record.hAdminName,jdbcType=VARCHAR},
      </if>
      <if test="record.hAdminPwd != null">
        h_admin_pwd = #{record.hAdminPwd,jdbcType=VARCHAR},
      </if>
      <if test="record.hAdminPhone != null">
        h_admin_phone = #{record.hAdminPhone,jdbcType=DECIMAL},
      </if>
      <if test="record.hAdminGender != null">
        h_admin_gender = #{record.hAdminGender,jdbcType=CHAR},
      </if>
    </set>
    <if test="_parameter != null">
      <include refid="Update_By_Example_Where_Clause" />
    </if>
  </update>
  <update id="updateByExample" parameterType="map">
    <!--
      WARNING - @mbg.generated
      This element is automatically generated by MyBatis Generator, do not modify.
      This element was generated on Sun Apr 17 15:27:43 CST 2022.
    -->
    update h_administrator
    set h_admin_id = #{record.hAdminId,jdbcType=INTEGER},
      h_admin_name = #{record.hAdminName,jdbcType=VARCHAR},
      h_admin_pwd = #{record.hAdminPwd,jdbcType=VARCHAR},
      h_admin_phone = #{record.hAdminPhone,jdbcType=DECIMAL},
      h_admin_gender = #{record.hAdminGender,jdbcType=CHAR}
    <if test="_parameter != null">
      <include refid="Update_By_Example_Where_Clause" />
    </if>
  </update>
  <update id="updateByPrimaryKeySelective" parameterType="com.cqupt.entity.HAdministrator">
    <!--
      WARNING - @mbg.generated
      This element is automatically generated by MyBatis Generator, do not modify.
      This element was generated on Sun Apr 17 15:27:43 CST 2022.
    -->
    update h_administrator
    <set>
      <if test="hAdminName != null">
        h_admin_name = #{hAdminName,jdbcType=VARCHAR},
      </if>
      <if test="hAdminPwd != null">
        h_admin_pwd = #{hAdminPwd,jdbcType=VARCHAR},
      </if>
      <if test="hAdminPhone != null">
        h_admin_phone = #{hAdminPhone,jdbcType=DECIMAL},
      </if>
      <if test="hAdminGender != null">
        h_admin_gender = #{hAdminGender,jdbcType=CHAR},
      </if>
    </set>
    where h_admin_id = #{hAdminId,jdbcType=INTEGER}
  </update>
  <update id="updateByPrimaryKey" parameterType="com.cqupt.entity.HAdministrator">
    <!--
      WARNING - @mbg.generated
      This element is automatically generated by MyBatis Generator, do not modify.
      This element was generated on Sun Apr 17 15:27:43 CST 2022.
    -->
    update h_administrator
    set h_admin_name = #{hAdminName,jdbcType=VARCHAR},
      h_admin_pwd = #{hAdminPwd,jdbcType=VARCHAR},
      h_admin_phone = #{hAdminPhone,jdbcType=DECIMAL},
      h_admin_gender = #{hAdminGender,jdbcType=CHAR}
    where h_admin_id = #{hAdminId,jdbcType=INTEGER}
  </update>
</mapper>