<?xml version="1.0" encoding="UTF-8"?>
<!DOCTYPE mapper PUBLIC "-//mybatis.org//DTD Mapper 3.0//EN" "http://mybatis.org/dtd/mybatis-3-mapper.dtd">
<mapper namespace="com.cqupt.dao.oracle.PurchaseListMapper">
  <resultMap id="BaseResultMap" type="com.cqupt.entity.PurchaseList">
    <!--
      WARNING - @mbg.generated
      This element is automatically generated by MyBatis Generator, do not modify.
      This element was generated on Mon May 02 21:44:16 CST 2022.
    -->
    <id column="p_id" jdbcType="INTEGER" property="pId" />
    <result column="supplier_id" jdbcType="INTEGER" property="supplierId" />
    <result column="supplier_name" jdbcType="VARCHAR" property="supplierName" />
    <result column="g_id" jdbcType="INTEGER" property="gId" />
    <result column="g_name" jdbcType="VARCHAR" property="gName" />
    <result column="p_g_number" jdbcType="DECIMAL" property="pGNumber" />
  </resultMap>
  <sql id="Example_Where_Clause">
    <!--
      WARNING - @mbg.generated
      This element is automatically generated by MyBatis Generator, do not modify.
      This element was generated on Mon May 02 21:44:16 CST 2022.
    -->
    <where>
      <foreach collection="oredCriteria" item="criteria" separator="or">
        <if test="criteria.valid">
          <trim prefix="(" prefixOverrides="and" suffix=")">
            <foreach collection="criteria.criteria" item="criterion">
              <choose>
                <when test="criterion.noValue">
                  and ${criterion.condition}
                </when>
                <when test="criterion.singleValue">
                  and ${criterion.condition} #{criterion.value}
                </when>
                <when test="criterion.betweenValue">
                  and ${criterion.condition} #{criterion.value} and #{criterion.secondValue}
                </when>
                <when test="criterion.listValue">
                  and ${criterion.condition}
                  <foreach close=")" collection="criterion.value" item="listItem" open="(" separator=",">
                    #{listItem}
                  </foreach>
                </when>
              </choose>
            </foreach>
          </trim>
        </if>
      </foreach>
    </where>
  </sql>
  <sql id="Update_By_Example_Where_Clause">
    <!--
      WARNING - @mbg.generated
      This element is automatically generated by MyBatis Generator, do not modify.
      This element was generated on Mon May 02 21:44:16 CST 2022.
    -->
    <where>
      <foreach collection="example.oredCriteria" item="criteria" separator="or">
        <if test="criteria.valid">
          <trim prefix="(" prefixOverrides="and" suffix=")">
            <foreach collection="criteria.criteria" item="criterion">
              <choose>
                <when test="criterion.noValue">
                  and ${criterion.condition}
                </when>
                <when test="criterion.singleValue">
                  and ${criterion.condition} #{criterion.value}
                </when>
                <when test="criterion.betweenValue">
                  and ${criterion.condition} #{criterion.value} and #{criterion.secondValue}
                </when>
                <when test="criterion.listValue">
                  and ${criterion.condition}
                  <foreach close=")" collection="criterion.value" item="listItem" open="(" separator=",">
                    #{listItem}
                  </foreach>
                </when>
              </choose>
            </foreach>
          </trim>
        </if>
      </foreach>
    </where>
  </sql>
  <sql id="Base_Column_List">
    <!--
      WARNING - @mbg.generated
      This element is automatically generated by MyBatis Generator, do not modify.
      This element was generated on Mon May 02 21:44:16 CST 2022.
    -->
    p_id, supplier_id, supplier_name, g_id, g_name, p_g_number
  </sql>
  <select id="selectByExample" parameterType="com.cqupt.entity.PurchaseListExample" resultMap="BaseResultMap">
    <!--
      WARNING - @mbg.generated
      This element is automatically generated by MyBatis Generator, do not modify.
      This element was generated on Mon May 02 21:44:16 CST 2022.
    -->
    select
    <if test="distinct">
      distinct
    </if>
    <include refid="Base_Column_List" />
    from purchase_list
    <if test="_parameter != null">
      <include refid="Example_Where_Clause" />
    </if>
    <if test="orderByClause != null">
      order by ${orderByClause}
    </if>
  </select>
  <select id="selectByPrimaryKey" parameterType="java.lang.Integer" resultMap="BaseResultMap">
    <!--
      WARNING - @mbg.generated
      This element is automatically generated by MyBatis Generator, do not modify.
      This element was generated on Mon May 02 21:44:16 CST 2022.
    -->
    select 
    <include refid="Base_Column_List" />
    from purchase_list
    where p_id = #{pId,jdbcType=INTEGER}
  </select>
  <delete id="deleteByPrimaryKey" parameterType="java.lang.Integer">
    <!--
      WARNING - @mbg.generated
      This element is automatically generated by MyBatis Generator, do not modify.
      This element was generated on Mon May 02 21:44:16 CST 2022.
    -->
    delete from purchase_list
    where p_id = #{pId,jdbcType=INTEGER}
  </delete>
  <delete id="deleteByExample" parameterType="com.cqupt.entity.PurchaseListExample">
    <!--
      WARNING - @mbg.generated
      This element is automatically generated by MyBatis Generator, do not modify.
      This element was generated on Mon May 02 21:44:16 CST 2022.
    -->
    delete from purchase_list
    <if test="_parameter != null">
      <include refid="Example_Where_Clause" />
    </if>
  </delete>
  <insert id="insert" parameterType="com.cqupt.entity.PurchaseList">
    <!--
      WARNING - @mbg.generated
      This element is automatically generated by MyBatis Generator, do not modify.
      This element was generated on Mon May 02 21:44:16 CST 2022.
    -->
    <selectKey keyProperty="pId" order="AFTER" resultType="java.lang.Integer">
      SELECT LAST_INSERT_ID()
    </selectKey>
    insert into purchase_list (supplier_id, supplier_name, g_id, 
      g_name, p_g_number)
    values (#{supplierId,jdbcType=INTEGER}, #{supplierName,jdbcType=VARCHAR}, #{gId,jdbcType=INTEGER}, 
      #{gName,jdbcType=VARCHAR}, #{pGNumber,jdbcType=DECIMAL})
  </insert>
  <insert id="insertSelective" parameterType="com.cqupt.entity.PurchaseList">
    <!--
      WARNING - @mbg.generated
      This element is automatically generated by MyBatis Generator, do not modify.
      This element was generated on Mon May 02 21:44:16 CST 2022.
    -->
    <selectKey keyProperty="pId" order="AFTER" resultType="java.lang.Integer">
      SELECT LAST_INSERT_ID()
    </selectKey>
    insert into purchase_list
    <trim prefix="(" suffix=")" suffixOverrides=",">
      <if test="supplierId != null">
        supplier_id,
      </if>
      <if test="supplierName != null">
        supplier_name,
      </if>
      <if test="gId != null">
        g_id,
      </if>
      <if test="gName != null">
        g_name,
      </if>
      <if test="pGNumber != null">
        p_g_number,
      </if>
    </trim>
    <trim prefix="values (" suffix=")" suffixOverrides=",">
      <if test="supplierId != null">
        #{supplierId,jdbcType=INTEGER},
      </if>
      <if test="supplierName != null">
        #{supplierName,jdbcType=VARCHAR},
      </if>
      <if test="gId != null">
        #{gId,jdbcType=INTEGER},
      </if>
      <if test="gName != null">
        #{gName,jdbcType=VARCHAR},
      </if>
      <if test="pGNumber != null">
        #{pGNumber,jdbcType=DECIMAL},
      </if>
    </trim>
  </insert>
  <select id="countByExample" parameterType="com.cqupt.entity.PurchaseListExample" resultType="java.lang.Long">
    <!--
      WARNING - @mbg.generated
      This element is automatically generated by MyBatis Generator, do not modify.
      This element was generated on Mon May 02 21:44:16 CST 2022.
    -->
    select count(*) from purchase_list
    <if test="_parameter != null">
      <include refid="Example_Where_Clause" />
    </if>
  </select>
  <update id="updateByExampleSelective" parameterType="map">
    <!--
      WARNING - @mbg.generated
      This element is automatically generated by MyBatis Generator, do not modify.
      This element was generated on Mon May 02 21:44:16 CST 2022.
    -->
    update purchase_list
    <set>
      <if test="record.pId != null">
        p_id = #{record.pId,jdbcType=INTEGER},
      </if>
      <if test="record.supplierId != null">
        supplier_id = #{record.supplierId,jdbcType=INTEGER},
      </if>
      <if test="record.supplierName != null">
        supplier_name = #{record.supplierName,jdbcType=VARCHAR},
      </if>
      <if test="record.gId != null">
        g_id = #{record.gId,jdbcType=INTEGER},
      </if>
      <if test="record.gName != null">
        g_name = #{record.gName,jdbcType=VARCHAR},
      </if>
      <if test="record.pGNumber != null">
        p_g_number = #{record.pGNumber,jdbcType=DECIMAL},
      </if>
    </set>
    <if test="_parameter != null">
      <include refid="Update_By_Example_Where_Clause" />
    </if>
  </update>
  <update id="updateByExample" parameterType="map">
    <!--
      WARNING - @mbg.generated
      This element is automatically generated by MyBatis Generator, do not modify.
      This element was generated on Mon May 02 21:44:16 CST 2022.
    -->
    update purchase_list
    set p_id = #{record.pId,jdbcType=INTEGER},
      supplier_id = #{record.supplierId,jdbcType=INTEGER},
      supplier_name = #{record.supplierName,jdbcType=VARCHAR},
      g_id = #{record.gId,jdbcType=INTEGER},
      g_name = #{record.gName,jdbcType=VARCHAR},
      p_g_number = #{record.pGNumber,jdbcType=DECIMAL}
    <if test="_parameter != null">
      <include refid="Update_By_Example_Where_Clause" />
    </if>
  </update>
  <update id="updateByPrimaryKeySelective" parameterType="com.cqupt.entity.PurchaseList">
    <!--
      WARNING - @mbg.generated
      This element is automatically generated by MyBatis Generator, do not modify.
      This element was generated on Mon May 02 21:44:16 CST 2022.
    -->
    update purchase_list
    <set>
      <if test="supplierId != null">
        supplier_id = #{supplierId,jdbcType=INTEGER},
      </if>
      <if test="supplierName != null">
        supplier_name = #{supplierName,jdbcType=VARCHAR},
      </if>
      <if test="gId != null">
        g_id = #{gId,jdbcType=INTEGER},
      </if>
      <if test="gName != null">
        g_name = #{gName,jdbcType=VARCHAR},
      </if>
      <if test="pGNumber != null">
        p_g_number = #{pGNumber,jdbcType=DECIMAL},
      </if>
    </set>
    where p_id = #{pId,jdbcType=INTEGER}
  </update>
  <update id="updateByPrimaryKey" parameterType="com.cqupt.entity.PurchaseList">
    <!--
      WARNING - @mbg.generated
      This element is automatically generated by MyBatis Generator, do not modify.
      This element was generated on Mon May 02 21:44:16 CST 2022.
    -->
    update purchase_list
    set supplier_id = #{supplierId,jdbcType=INTEGER},
      supplier_name = #{supplierName,jdbcType=VARCHAR},
      g_id = #{gId,jdbcType=INTEGER},
      g_name = #{gName,jdbcType=VARCHAR},
      p_g_number = #{pGNumber,jdbcType=DECIMAL}
    where p_id = #{pId,jdbcType=INTEGER}
  </update>
</mapper>