<?xml version="1.0" encoding="UTF-8"?>
<!DOCTYPE mapper PUBLIC "-//mybatis.org//DTD Mapper 3.0//EN" "http://mybatis.org/dtd/mybatis-3-mapper.dtd">
<mapper namespace="com.cqupt.dao.oracle.RepairListMapper">
  <resultMap id="BaseResultMap" type="com.cqupt.entity.RepairList">
    <!--
      WARNING - @mbg.generated
      This element is automatically generated by MyBatis Generator, do not modify.
      This element was generated on Mon Apr 18 16:27:41 CST 2022.
    -->
    <id column="r_id" jdbcType="INTEGER" property="rId" />
    <result column="store_id" jdbcType="INTEGER" property="storeId" />
    <result column="h_admin_id" jdbcType="VARCHAR" property="hAdminId" />
    <result column="r_g_id" jdbcType="INTEGER" property="rGId" />
    <result column="r_g_number" jdbcType="DECIMAL" property="rGNumber" />
    <result column="r_g_name" jdbcType="VARCHAR" property="rGName" />
    <result column="r_date" jdbcType="DATE" property="rDate" />
    <result column="r_state" jdbcType="BIT" property="rState" />
  </resultMap>
  <sql id="Example_Where_Clause">
    <!--
      WARNING - @mbg.generated
      This element is automatically generated by MyBatis Generator, do not modify.
      This element was generated on Mon Apr 18 16:27:41 CST 2022.
    -->
    <where>
      <foreach collection="oredCriteria" item="criteria" separator="or">
        <if test="criteria.valid">
          <trim prefix="(" prefixOverrides="and" suffix=")">
            <foreach collection="criteria.criteria" item="criterion">
              <choose>
                <when test="criterion.noValue">
                  and ${criterion.condition}
                </when>
                <when test="criterion.singleValue">
                  and ${criterion.condition} #{criterion.value}
                </when>
                <when test="criterion.betweenValue">
                  and ${criterion.condition} #{criterion.value} and #{criterion.secondValue}
                </when>
                <when test="criterion.listValue">
                  and ${criterion.condition}
                  <foreach close=")" collection="criterion.value" item="listItem" open="(" separator=",">
                    #{listItem}
                  </foreach>
                </when>
              </choose>
            </foreach>
          </trim>
        </if>
      </foreach>
    </where>
  </sql>
  <sql id="Update_By_Example_Where_Clause">
    <!--
      WARNING - @mbg.generated
      This element is automatically generated by MyBatis Generator, do not modify.
      This element was generated on Mon Apr 18 16:27:41 CST 2022.
    -->
    <where>
      <foreach collection="example.oredCriteria" item="criteria" separator="or">
        <if test="criteria.valid">
          <trim prefix="(" prefixOverrides="and" suffix=")">
            <foreach collection="criteria.criteria" item="criterion">
              <choose>
                <when test="criterion.noValue">
                  and ${criterion.condition}
                </when>
                <when test="criterion.singleValue">
                  and ${criterion.condition} #{criterion.value}
                </when>
                <when test="criterion.betweenValue">
                  and ${criterion.condition} #{criterion.value} and #{criterion.secondValue}
                </when>
                <when test="criterion.listValue">
                  and ${criterion.condition}
                  <foreach close=")" collection="criterion.value" item="listItem" open="(" separator=",">
                    #{listItem}
                  </foreach>
                </when>
              </choose>
            </foreach>
          </trim>
        </if>
      </foreach>
    </where>
  </sql>
  <sql id="Base_Column_List">
    <!--
      WARNING - @mbg.generated
      This element is automatically generated by MyBatis Generator, do not modify.
      This element was generated on Mon Apr 18 16:27:41 CST 2022.
    -->
    r_id, store_id, h_admin_id, r_g_id, r_g_number, r_g_name, r_date, r_state
  </sql>
  <select id="selectByExample" parameterType="com.cqupt.entity.RepairListExample" resultMap="BaseResultMap">
    <!--
      WARNING - @mbg.generated
      This element is automatically generated by MyBatis Generator, do not modify.
      This element was generated on Mon Apr 18 16:27:41 CST 2022.
    -->
    select
    <if test="distinct">
      distinct
    </if>
    <include refid="Base_Column_List" />
    from repair_list
    <if test="_parameter != null">
      <include refid="Example_Where_Clause" />
    </if>
    <if test="orderByClause != null">
      order by ${orderByClause}
    </if>
  </select>
  <select id="selectByPrimaryKey" parameterType="java.lang.Integer" resultMap="BaseResultMap">
    <!--
      WARNING - @mbg.generated
      This element is automatically generated by MyBatis Generator, do not modify.
      This element was generated on Mon Apr 18 16:27:41 CST 2022.
    -->
    select 
    <include refid="Base_Column_List" />
    from repair_list
    where r_id = #{rId,jdbcType=INTEGER}
  </select>
  <delete id="deleteByPrimaryKey" parameterType="java.lang.Integer">
    <!--
      WARNING - @mbg.generated
      This element is automatically generated by MyBatis Generator, do not modify.
      This element was generated on Mon Apr 18 16:27:41 CST 2022.
    -->
    delete from repair_list
    where r_id = #{rId,jdbcType=INTEGER}
  </delete>
  <delete id="deleteByExample" parameterType="com.cqupt.entity.RepairListExample">
    <!--
      WARNING - @mbg.generated
      This element is automatically generated by MyBatis Generator, do not modify.
      This element was generated on Mon Apr 18 16:27:41 CST 2022.
    -->
    delete from repair_list
    <if test="_parameter != null">
      <include refid="Example_Where_Clause" />
    </if>
  </delete>
  <insert id="insert" parameterType="com.cqupt.entity.RepairList">
    <!--
      WARNING - @mbg.generated
      This element is automatically generated by MyBatis Generator, do not modify.
      This element was generated on Mon Apr 18 16:27:41 CST 2022.
    -->
    <selectKey keyProperty="rId" order="AFTER" resultType="java.lang.Integer">
      SELECT LAST_INSERT_ID()
    </selectKey>
    insert into repair_list (store_id, h_admin_id, r_g_id, 
      r_g_number, r_g_name, r_date, 
      r_state)
    values (#{storeId,jdbcType=INTEGER}, #{hAdminId,jdbcType=VARCHAR}, #{rGId,jdbcType=INTEGER}, 
      #{rGNumber,jdbcType=DECIMAL}, #{rGName,jdbcType=VARCHAR}, #{rDate,jdbcType=DATE}, 
      #{rState,jdbcType=BIT})
  </insert>
  <insert id="insertSelective" parameterType="com.cqupt.entity.RepairList">
    <!--
      WARNING - @mbg.generated
      This element is automatically generated by MyBatis Generator, do not modify.
      This element was generated on Mon Apr 18 16:27:41 CST 2022.
    -->
    <selectKey keyProperty="rId" order="AFTER" resultType="java.lang.Integer">
      SELECT LAST_INSERT_ID()
    </selectKey>
    insert into repair_list
    <trim prefix="(" suffix=")" suffixOverrides=",">
      <if test="storeId != null">
        store_id,
      </if>
      <if test="hAdminId != null">
        h_admin_id,
      </if>
      <if test="rGId != null">
        r_g_id,
      </if>
      <if test="rGNumber != null">
        r_g_number,
      </if>
      <if test="rGName != null">
        r_g_name,
      </if>
      <if test="rDate != null">
        r_date,
      </if>
      <if test="rState != null">
        r_state,
      </if>
    </trim>
    <trim prefix="values (" suffix=")" suffixOverrides=",">
      <if test="storeId != null">
        #{storeId,jdbcType=INTEGER},
      </if>
      <if test="hAdminId != null">
        #{hAdminId,jdbcType=VARCHAR},
      </if>
      <if test="rGId != null">
        #{rGId,jdbcType=INTEGER},
      </if>
      <if test="rGNumber != null">
        #{rGNumber,jdbcType=DECIMAL},
      </if>
      <if test="rGName != null">
        #{rGName,jdbcType=VARCHAR},
      </if>
      <if test="rDate != null">
        #{rDate,jdbcType=DATE},
      </if>
      <if test="rState != null">
        #{rState,jdbcType=BIT},
      </if>
    </trim>
  </insert>
  <select id="countByExample" parameterType="com.cqupt.entity.RepairListExample" resultType="java.lang.Long">
    <!--
      WARNING - @mbg.generated
      This element is automatically generated by MyBatis Generator, do not modify.
      This element was generated on Mon Apr 18 16:27:41 CST 2022.
    -->
    select count(*) from repair_list
    <if test="_parameter != null">
      <include refid="Example_Where_Clause" />
    </if>
  </select>
  <update id="updateByExampleSelective" parameterType="map">
    <!--
      WARNING - @mbg.generated
      This element is automatically generated by MyBatis Generator, do not modify.
      This element was generated on Mon Apr 18 16:27:41 CST 2022.
    -->
    update repair_list
    <set>
      <if test="record.rId != null">
        r_id = #{record.rId,jdbcType=INTEGER},
      </if>
      <if test="record.storeId != null">
        store_id = #{record.storeId,jdbcType=INTEGER},
      </if>
      <if test="record.hAdminId != null">
        h_admin_id = #{record.hAdminId,jdbcType=VARCHAR},
      </if>
      <if test="record.rGId != null">
        r_g_id = #{record.rGId,jdbcType=INTEGER},
      </if>
      <if test="record.rGNumber != null">
        r_g_number = #{record.rGNumber,jdbcType=DECIMAL},
      </if>
      <if test="record.rGName != null">
        r_g_name = #{record.rGName,jdbcType=VARCHAR},
      </if>
      <if test="record.rDate != null">
        r_date = #{record.rDate,jdbcType=DATE},
      </if>
      <if test="record.rState != null">
        r_state = #{record.rState,jdbcType=BIT},
      </if>
    </set>
    <if test="_parameter != null">
      <include refid="Update_By_Example_Where_Clause" />
    </if>
  </update>
  <update id="updateByExample" parameterType="map">
    <!--
      WARNING - @mbg.generated
      This element is automatically generated by MyBatis Generator, do not modify.
      This element was generated on Mon Apr 18 16:27:41 CST 2022.
    -->
    update repair_list
    set r_id = #{record.rId,jdbcType=INTEGER},
      store_id = #{record.storeId,jdbcType=INTEGER},
      h_admin_id = #{record.hAdminId,jdbcType=VARCHAR},
      r_g_id = #{record.rGId,jdbcType=INTEGER},
      r_g_number = #{record.rGNumber,jdbcType=DECIMAL},
      r_g_name = #{record.rGName,jdbcType=VARCHAR},
      r_date = #{record.rDate,jdbcType=DATE},
      r_state = #{record.rState,jdbcType=BIT}
    <if test="_parameter != null">
      <include refid="Update_By_Example_Where_Clause" />
    </if>
  </update>
  <update id="updateByPrimaryKeySelective" parameterType="com.cqupt.entity.RepairList">
    <!--
      WARNING - @mbg.generated
      This element is automatically generated by MyBatis Generator, do not modify.
      This element was generated on Mon Apr 18 16:27:41 CST 2022.
    -->
    update repair_list
    <set>
      <if test="storeId != null">
        store_id = #{storeId,jdbcType=INTEGER},
      </if>
      <if test="hAdminId != null">
        h_admin_id = #{hAdminId,jdbcType=VARCHAR},
      </if>
      <if test="rGId != null">
        r_g_id = #{rGId,jdbcType=INTEGER},
      </if>
      <if test="rGNumber != null">
        r_g_number = #{rGNumber,jdbcType=DECIMAL},
      </if>
      <if test="rGName != null">
        r_g_name = #{rGName,jdbcType=VARCHAR},
      </if>
      <if test="rDate != null">
        r_date = #{rDate,jdbcType=DATE},
      </if>
      <if test="rState != null">
        r_state = #{rState,jdbcType=BIT},
      </if>
    </set>
    where r_id = #{rId,jdbcType=INTEGER}
  </update>
  <update id="updateByPrimaryKey" parameterType="com.cqupt.entity.RepairList">
    <!--
      WARNING - @mbg.generated
      This element is automatically generated by MyBatis Generator, do not modify.
      This element was generated on Mon Apr 18 16:27:41 CST 2022.
    -->
    update repair_list
    set store_id = #{storeId,jdbcType=INTEGER},
      h_admin_id = #{hAdminId,jdbcType=VARCHAR},
      r_g_id = #{rGId,jdbcType=INTEGER},
      r_g_number = #{rGNumber,jdbcType=DECIMAL},
      r_g_name = #{rGName,jdbcType=VARCHAR},
      r_date = #{rDate,jdbcType=DATE},
      r_state = #{rState,jdbcType=BIT}
    where r_id = #{rId,jdbcType=INTEGER}
  </update>
</mapper>