<?xml version="1.0" encoding="UTF-8"?>
<!DOCTYPE mapper PUBLIC "-//mybatis.org//DTD Mapper 3.0//EN" "http://mybatis.org/dtd/mybatis-3-mapper.dtd">
<mapper namespace="com.cqupt.dao.oracle.StoreGoodsMapper">
  <resultMap id="BaseResultMap" type="com.cqupt.entity.StoreGoods">
    <!--
      WARNING - @mbg.generated
      This element is automatically generated by MyBatis Generator, do not modify.
      This element was generated on Tue Apr 19 16:19:20 CST 2022.
    -->
    <id column="g_id" jdbcType="INTEGER" property="gId" />
    <result column="store_id" jdbcType="INTEGER" property="storeId" />
    <result column="g_name" jdbcType="VARCHAR" property="gName" />
    <result column="g_number" jdbcType="DECIMAL" property="gNumber" />
    <result column="g_price" jdbcType="REAL" property="gPrice" />
  </resultMap>
  <sql id="Example_Where_Clause">
    <!--
      WARNING - @mbg.generated
      This element is automatically generated by MyBatis Generator, do not modify.
      This element was generated on Tue Apr 19 16:19:20 CST 2022.
    -->
    <where>
      <foreach collection="oredCriteria" item="criteria" separator="or">
        <if test="criteria.valid">
          <trim prefix="(" prefixOverrides="and" suffix=")">
            <foreach collection="criteria.criteria" item="criterion">
              <choose>
                <when test="criterion.noValue">
                  and ${criterion.condition}
                </when>
                <when test="criterion.singleValue">
                  and ${criterion.condition} #{criterion.value}
                </when>
                <when test="criterion.betweenValue">
                  and ${criterion.condition} #{criterion.value} and #{criterion.secondValue}
                </when>
                <when test="criterion.listValue">
                  and ${criterion.condition}
                  <foreach close=")" collection="criterion.value" item="listItem" open="(" separator=",">
                    #{listItem}
                  </foreach>
                </when>
              </choose>
            </foreach>
          </trim>
        </if>
      </foreach>
    </where>
  </sql>
  <sql id="Update_By_Example_Where_Clause">
    <!--
      WARNING - @mbg.generated
      This element is automatically generated by MyBatis Generator, do not modify.
      This element was generated on Tue Apr 19 16:19:20 CST 2022.
    -->
    <where>
      <foreach collection="example.oredCriteria" item="criteria" separator="or">
        <if test="criteria.valid">
          <trim prefix="(" prefixOverrides="and" suffix=")">
            <foreach collection="criteria.criteria" item="criterion">
              <choose>
                <when test="criterion.noValue">
                  and ${criterion.condition}
                </when>
                <when test="criterion.singleValue">
                  and ${criterion.condition} #{criterion.value}
                </when>
                <when test="criterion.betweenValue">
                  and ${criterion.condition} #{criterion.value} and #{criterion.secondValue}
                </when>
                <when test="criterion.listValue">
                  and ${criterion.condition}
                  <foreach close=")" collection="criterion.value" item="listItem" open="(" separator=",">
                    #{listItem}
                  </foreach>
                </when>
              </choose>
            </foreach>
          </trim>
        </if>
      </foreach>
    </where>
  </sql>
  <sql id="Base_Column_List">
    <!--
      WARNING - @mbg.generated
      This element is automatically generated by MyBatis Generator, do not modify.
      This element was generated on Tue Apr 19 16:19:20 CST 2022.
    -->
    g_id, store_id, g_name, g_number, g_price
  </sql>
  <select id="selectByExample" parameterType="com.cqupt.entity.StoreGoodsExample" resultMap="BaseResultMap">
    <!--
      WARNING - @mbg.generated
      This element is automatically generated by MyBatis Generator, do not modify.
      This element was generated on Tue Apr 19 16:19:20 CST 2022.
    -->
    select
    <if test="distinct">
      distinct
    </if>
    <include refid="Base_Column_List" />
    from store_goods
    <if test="_parameter != null">
      <include refid="Example_Where_Clause" />
    </if>
    <if test="orderByClause != null">
      order by ${orderByClause}
    </if>
  </select>
  <select id="selectByPrimaryKey" parameterType="java.lang.Integer" resultMap="BaseResultMap">
    <!--
      WARNING - @mbg.generated
      This element is automatically generated by MyBatis Generator, do not modify.
      This element was generated on Tue Apr 19 16:19:20 CST 2022.
    -->
    select 
    <include refid="Base_Column_List" />
    from store_goods
    where g_id = #{gId,jdbcType=INTEGER}
  </select>
  <delete id="deleteByPrimaryKey" parameterType="java.lang.Integer">
    <!--
      WARNING - @mbg.generated
      This element is automatically generated by MyBatis Generator, do not modify.
      This element was generated on Tue Apr 19 16:19:20 CST 2022.
    -->
    delete from store_goods
    where g_id = #{gId,jdbcType=INTEGER}
  </delete>
  <delete id="deleteByExample" parameterType="com.cqupt.entity.StoreGoodsExample">
    <!--
      WARNING - @mbg.generated
      This element is automatically generated by MyBatis Generator, do not modify.
      This element was generated on Tue Apr 19 16:19:20 CST 2022.
    -->
    delete from store_goods
    <if test="_parameter != null">
      <include refid="Example_Where_Clause" />
    </if>
  </delete>
  <insert id="insert" parameterType="com.cqupt.entity.StoreGoods">
    <!--
      WARNING - @mbg.generated
      This element is automatically generated by MyBatis Generator, do not modify.
      This element was generated on Tue Apr 19 16:19:20 CST 2022.
    -->
    <selectKey keyProperty="gId" order="AFTER" resultType="java.lang.Integer">
      SELECT LAST_INSERT_ID()
    </selectKey>
    insert into store_goods (store_id, g_name, g_number, 
      g_price)
    values (#{storeId,jdbcType=INTEGER}, #{gName,jdbcType=VARCHAR}, #{gNumber,jdbcType=DECIMAL}, 
      #{gPrice,jdbcType=REAL})
  </insert>
  <insert id="insertSelective" parameterType="com.cqupt.entity.StoreGoods">
    <!--
      WARNING - @mbg.generated
      This element is automatically generated by MyBatis Generator, do not modify.
      This element was generated on Tue Apr 19 16:19:20 CST 2022.
    -->
    <selectKey keyProperty="gId" order="AFTER" resultType="java.lang.Integer">
      SELECT LAST_INSERT_ID()
    </selectKey>
    insert into store_goods
    <trim prefix="(" suffix=")" suffixOverrides=",">
      <if test="storeId != null">
        store_id,
      </if>
      <if test="gName != null">
        g_name,
      </if>
      <if test="gNumber != null">
        g_number,
      </if>
      <if test="gPrice != null">
        g_price,
      </if>
    </trim>
    <trim prefix="values (" suffix=")" suffixOverrides=",">
      <if test="storeId != null">
        #{storeId,jdbcType=INTEGER},
      </if>
      <if test="gName != null">
        #{gName,jdbcType=VARCHAR},
      </if>
      <if test="gNumber != null">
        #{gNumber,jdbcType=DECIMAL},
      </if>
      <if test="gPrice != null">
        #{gPrice,jdbcType=REAL},
      </if>
    </trim>
  </insert>
  <select id="countByExample" parameterType="com.cqupt.entity.StoreGoodsExample" resultType="java.lang.Long">
    <!--
      WARNING - @mbg.generated
      This element is automatically generated by MyBatis Generator, do not modify.
      This element was generated on Tue Apr 19 16:19:20 CST 2022.
    -->
    select count(*) from store_goods
    <if test="_parameter != null">
      <include refid="Example_Where_Clause" />
    </if>
  </select>
  <update id="updateByExampleSelective" parameterType="map">
    <!--
      WARNING - @mbg.generated
      This element is automatically generated by MyBatis Generator, do not modify.
      This element was generated on Tue Apr 19 16:19:20 CST 2022.
    -->
    update store_goods
    <set>
      <if test="record.gId != null">
        g_id = #{record.gId,jdbcType=INTEGER},
      </if>
      <if test="record.storeId != null">
        store_id = #{record.storeId,jdbcType=INTEGER},
      </if>
      <if test="record.gName != null">
        g_name = #{record.gName,jdbcType=VARCHAR},
      </if>
      <if test="record.gNumber != null">
        g_number = #{record.gNumber,jdbcType=DECIMAL},
      </if>
      <if test="record.gPrice != null">
        g_price = #{record.gPrice,jdbcType=REAL},
      </if>
    </set>
    <if test="_parameter != null">
      <include refid="Update_By_Example_Where_Clause" />
    </if>
  </update>
  <update id="updateByExample" parameterType="map">
    <!--
      WARNING - @mbg.generated
      This element is automatically generated by MyBatis Generator, do not modify.
      This element was generated on Tue Apr 19 16:19:20 CST 2022.
    -->
    update store_goods
    set g_id = #{record.gId,jdbcType=INTEGER},
      store_id = #{record.storeId,jdbcType=INTEGER},
      g_name = #{record.gName,jdbcType=VARCHAR},
      g_number = #{record.gNumber,jdbcType=DECIMAL},
      g_price = #{record.gPrice,jdbcType=REAL}
    <if test="_parameter != null">
      <include refid="Update_By_Example_Where_Clause" />
    </if>
  </update>
  <update id="updateByPrimaryKeySelective" parameterType="com.cqupt.entity.StoreGoods">
    <!--
      WARNING - @mbg.generated
      This element is automatically generated by MyBatis Generator, do not modify.
      This element was generated on Tue Apr 19 16:19:20 CST 2022.
    -->
    update store_goods
    <set>
      <if test="storeId != null">
        store_id = #{storeId,jdbcType=INTEGER},
      </if>
      <if test="gName != null">
        g_name = #{gName,jdbcType=VARCHAR},
      </if>
      <if test="gNumber != null">
        g_number = #{gNumber,jdbcType=DECIMAL},
      </if>
      <if test="gPrice != null">
        g_price = #{gPrice,jdbcType=REAL},
      </if>
    </set>
    where g_id = #{gId,jdbcType=INTEGER}
  </update>
  <update id="updateByPrimaryKey" parameterType="com.cqupt.entity.StoreGoods">
    <!--
      WARNING - @mbg.generated
      This element is automatically generated by MyBatis Generator, do not modify.
      This element was generated on Tue Apr 19 16:19:20 CST 2022.
    -->
    update store_goods
    set store_id = #{storeId,jdbcType=INTEGER},
      g_name = #{gName,jdbcType=VARCHAR},
      g_number = #{gNumber,jdbcType=DECIMAL},
      g_price = #{gPrice,jdbcType=REAL}
    where g_id = #{gId,jdbcType=INTEGER}
  </update>
</mapper>