<?xml version="1.0" encoding="UTF-8"?>
<!DOCTYPE mapper PUBLIC "-//mybatis.org//DTD Mapper 3.0//EN" "http://mybatis.org/dtd/mybatis-3-mapper.dtd">
<mapper namespace="com.cqupt.dao.oracle.StoreMapper">
  <resultMap id="BaseResultMap" type="com.cqupt.entity.Store">
    <!--
      WARNING - @mbg.generated
      This element is automatically generated by MyBatis Generator, do not modify.
      This element was generated on Sun Apr 17 19:00:01 CST 2022.
    -->
    <id column="store_id" jdbcType="INTEGER" property="storeId" />
    <result column="store_name" jdbcType="VARCHAR" property="storeName" />
    <result column="store_address" jdbcType="VARCHAR" property="storeAddress" />
    <result column="store_password" jdbcType="VARCHAR" property="storePassword" />
    <result column="store_phone" jdbcType="DECIMAL" property="storePhone" />
  </resultMap>
  <sql id="Example_Where_Clause">
    <!--
      WARNING - @mbg.generated
      This element is automatically generated by MyBatis Generator, do not modify.
      This element was generated on Sun Apr 17 19:00:01 CST 2022.
    -->
    <where>
      <foreach collection="oredCriteria" item="criteria" separator="or">
        <if test="criteria.valid">
          <trim prefix="(" prefixOverrides="and" suffix=")">
            <foreach collection="criteria.criteria" item="criterion">
              <choose>
                <when test="criterion.noValue">
                  and ${criterion.condition}
                </when>
                <when test="criterion.singleValue">
                  and ${criterion.condition} #{criterion.value}
                </when>
                <when test="criterion.betweenValue">
                  and ${criterion.condition} #{criterion.value} and #{criterion.secondValue}
                </when>
                <when test="criterion.listValue">
                  and ${criterion.condition}
                  <foreach close=")" collection="criterion.value" item="listItem" open="(" separator=",">
                    #{listItem}
                  </foreach>
                </when>
              </choose>
            </foreach>
          </trim>
        </if>
      </foreach>
    </where>
  </sql>
  <sql id="Update_By_Example_Where_Clause">
    <!--
      WARNING - @mbg.generated
      This element is automatically generated by MyBatis Generator, do not modify.
      This element was generated on Sun Apr 17 19:00:01 CST 2022.
    -->
    <where>
      <foreach collection="example.oredCriteria" item="criteria" separator="or">
        <if test="criteria.valid">
          <trim prefix="(" prefixOverrides="and" suffix=")">
            <foreach collection="criteria.criteria" item="criterion">
              <choose>
                <when test="criterion.noValue">
                  and ${criterion.condition}
                </when>
                <when test="criterion.singleValue">
                  and ${criterion.condition} #{criterion.value}
                </when>
                <when test="criterion.betweenValue">
                  and ${criterion.condition} #{criterion.value} and #{criterion.secondValue}
                </when>
                <when test="criterion.listValue">
                  and ${criterion.condition}
                  <foreach close=")" collection="criterion.value" item="listItem" open="(" separator=",">
                    #{listItem}
                  </foreach>
                </when>
              </choose>
            </foreach>
          </trim>
        </if>
      </foreach>
    </where>
  </sql>
  <sql id="Base_Column_List">
    <!--
      WARNING - @mbg.generated
      This element is automatically generated by MyBatis Generator, do not modify.
      This element was generated on Sun Apr 17 19:00:01 CST 2022.
    -->
    store_id, store_name, store_address, store_password, store_phone
  </sql>
  <select id="selectByExample" parameterType="com.cqupt.entity.StoreExample" resultMap="BaseResultMap">
    <!--
      WARNING - @mbg.generated
      This element is automatically generated by MyBatis Generator, do not modify.
      This element was generated on Sun Apr 17 19:00:01 CST 2022.
    -->
    select
    <if test="distinct">
      distinct
    </if>
    <include refid="Base_Column_List" />
    from store
    <if test="_parameter != null">
      <include refid="Example_Where_Clause" />
    </if>
    <if test="orderByClause != null">
      order by ${orderByClause}
    </if>
  </select>
  <select id="selectByPrimaryKey" parameterType="java.lang.Integer" resultMap="BaseResultMap">
    <!--
      WARNING - @mbg.generated
      This element is automatically generated by MyBatis Generator, do not modify.
      This element was generated on Sun Apr 17 19:00:01 CST 2022.
    -->
    select 
    <include refid="Base_Column_List" />
    from store
    where store_id = #{storeId,jdbcType=INTEGER}
  </select>
  <delete id="deleteByPrimaryKey" parameterType="java.lang.Integer">
    <!--
      WARNING - @mbg.generated
      This element is automatically generated by MyBatis Generator, do not modify.
      This element was generated on Sun Apr 17 19:00:01 CST 2022.
    -->
    delete from store
    where store_id = #{storeId,jdbcType=INTEGER}
  </delete>
  <delete id="deleteByExample" parameterType="com.cqupt.entity.StoreExample">
    <!--
      WARNING - @mbg.generated
      This element is automatically generated by MyBatis Generator, do not modify.
      This element was generated on Sun Apr 17 19:00:01 CST 2022.
    -->
    delete from store
    <if test="_parameter != null">
      <include refid="Example_Where_Clause" />
    </if>
  </delete>
  <insert id="insert" parameterType="com.cqupt.entity.Store">
    <!--
      WARNING - @mbg.generated
      This element is automatically generated by MyBatis Generator, do not modify.
      This element was generated on Sun Apr 17 19:00:01 CST 2022.
    -->
    <selectKey keyProperty="storeId" order="AFTER" resultType="java.lang.Integer">
      SELECT LAST_INSERT_ID()
    </selectKey>
    insert into store (store_name, store_address, store_password, 
      store_phone)
    values (#{storeName,jdbcType=VARCHAR}, #{storeAddress,jdbcType=VARCHAR}, #{storePassword,jdbcType=VARCHAR}, 
      #{storePhone,jdbcType=DECIMAL})
  </insert>
  <insert id="insertSelective" parameterType="com.cqupt.entity.Store">
    <!--
      WARNING - @mbg.generated
      This element is automatically generated by MyBatis Generator, do not modify.
      This element was generated on Sun Apr 17 19:00:01 CST 2022.
    -->
    <selectKey keyProperty="storeId" order="AFTER" resultType="java.lang.Integer">
      SELECT LAST_INSERT_ID()
    </selectKey>
    insert into store
    <trim prefix="(" suffix=")" suffixOverrides=",">
      <if test="storeName != null">
        store_name,
      </if>
      <if test="storeAddress != null">
        store_address,
      </if>
      <if test="storePassword != null">
        store_password,
      </if>
      <if test="storePhone != null">
        store_phone,
      </if>
    </trim>
    <trim prefix="values (" suffix=")" suffixOverrides=",">
      <if test="storeName != null">
        #{storeName,jdbcType=VARCHAR},
      </if>
      <if test="storeAddress != null">
        #{storeAddress,jdbcType=VARCHAR},
      </if>
      <if test="storePassword != null">
        #{storePassword,jdbcType=VARCHAR},
      </if>
      <if test="storePhone != null">
        #{storePhone,jdbcType=DECIMAL},
      </if>
    </trim>
  </insert>
  <select id="countByExample" parameterType="com.cqupt.entity.StoreExample" resultType="java.lang.Long">
    <!--
      WARNING - @mbg.generated
      This element is automatically generated by MyBatis Generator, do not modify.
      This element was generated on Sun Apr 17 19:00:01 CST 2022.
    -->
    select count(*) from store
    <if test="_parameter != null">
      <include refid="Example_Where_Clause" />
    </if>
  </select>
  <update id="updateByExampleSelective" parameterType="map">
    <!--
      WARNING - @mbg.generated
      This element is automatically generated by MyBatis Generator, do not modify.
      This element was generated on Sun Apr 17 19:00:01 CST 2022.
    -->
    update store
    <set>
      <if test="record.storeId != null">
        store_id = #{record.storeId,jdbcType=INTEGER},
      </if>
      <if test="record.storeName != null">
        store_name = #{record.storeName,jdbcType=VARCHAR},
      </if>
      <if test="record.storeAddress != null">
        store_address = #{record.storeAddress,jdbcType=VARCHAR},
      </if>
      <if test="record.storePassword != null">
        store_password = #{record.storePassword,jdbcType=VARCHAR},
      </if>
      <if test="record.storePhone != null">
        store_phone = #{record.storePhone,jdbcType=DECIMAL},
      </if>
    </set>
    <if test="_parameter != null">
      <include refid="Update_By_Example_Where_Clause" />
    </if>
  </update>
  <update id="updateByExample" parameterType="map">
    <!--
      WARNING - @mbg.generated
      This element is automatically generated by MyBatis Generator, do not modify.
      This element was generated on Sun Apr 17 19:00:01 CST 2022.
    -->
    update store
    set store_id = #{record.storeId,jdbcType=INTEGER},
      store_name = #{record.storeName,jdbcType=VARCHAR},
      store_address = #{record.storeAddress,jdbcType=VARCHAR},
      store_password = #{record.storePassword,jdbcType=VARCHAR},
      store_phone = #{record.storePhone,jdbcType=DECIMAL}
    <if test="_parameter != null">
      <include refid="Update_By_Example_Where_Clause" />
    </if>
  </update>
  <update id="updateByPrimaryKeySelective" parameterType="com.cqupt.entity.Store">
    <!--
      WARNING - @mbg.generated
      This element is automatically generated by MyBatis Generator, do not modify.
      This element was generated on Sun Apr 17 19:00:01 CST 2022.
    -->
    update store
    <set>
      <if test="storeName != null">
        store_name = #{storeName,jdbcType=VARCHAR},
      </if>
      <if test="storeAddress != null">
        store_address = #{storeAddress,jdbcType=VARCHAR},
      </if>
      <if test="storePassword != null">
        store_password = #{storePassword,jdbcType=VARCHAR},
      </if>
      <if test="storePhone != null">
        store_phone = #{storePhone,jdbcType=DECIMAL},
      </if>
    </set>
    where store_id = #{storeId,jdbcType=INTEGER}
  </update>
  <update id="updateByPrimaryKey" parameterType="com.cqupt.entity.Store">
    <!--
      WARNING - @mbg.generated
      This element is automatically generated by MyBatis Generator, do not modify.
      This element was generated on Sun Apr 17 19:00:01 CST 2022.
    -->
    update store
    set store_name = #{storeName,jdbcType=VARCHAR},
      store_address = #{storeAddress,jdbcType=VARCHAR},
      store_password = #{storePassword,jdbcType=VARCHAR},
      store_phone = #{storePhone,jdbcType=DECIMAL}
    where store_id = #{storeId,jdbcType=INTEGER}
  </update>
</mapper>