<?xml version="1.0" encoding="UTF-8"?>
<!DOCTYPE mapper PUBLIC "-//mybatis.org//DTD Mapper 3.0//EN" "http://mybatis.org/dtd/mybatis-3-mapper.dtd">
<mapper namespace="com.cqupt.dao.oracle.SupplierStoreMapper">
  <resultMap id="BaseResultMap" type="com.cqupt.entity.SupplierStore">
    <!--
      WARNING - @mbg.generated
      This element is automatically generated by MyBatis Generator, do not modify.
      This element was generated on Wed May 04 15:45:50 CST 2022.
    -->
    <id column="ss_id" jdbcType="INTEGER" property="ssId" />
    <result column="supplier_id" jdbcType="INTEGER" property="supplierId" />
    <result column="store_id" jdbcType="INTEGER" property="storeId" />
    <result column="transport_price" jdbcType="REAL" property="transportPrice" />
  </resultMap>
  <sql id="Example_Where_Clause">
    <!--
      WARNING - @mbg.generated
      This element is automatically generated by MyBatis Generator, do not modify.
      This element was generated on Wed May 04 15:45:50 CST 2022.
    -->
    <where>
      <foreach collection="oredCriteria" item="criteria" separator="or">
        <if test="criteria.valid">
          <trim prefix="(" prefixOverrides="and" suffix=")">
            <foreach collection="criteria.criteria" item="criterion">
              <choose>
                <when test="criterion.noValue">
                  and ${criterion.condition}
                </when>
                <when test="criterion.singleValue">
                  and ${criterion.condition} #{criterion.value}
                </when>
                <when test="criterion.betweenValue">
                  and ${criterion.condition} #{criterion.value} and #{criterion.secondValue}
                </when>
                <when test="criterion.listValue">
                  and ${criterion.condition}
                  <foreach close=")" collection="criterion.value" item="listItem" open="(" separator=",">
                    #{listItem}
                  </foreach>
                </when>
              </choose>
            </foreach>
          </trim>
        </if>
      </foreach>
    </where>
  </sql>
  <sql id="Update_By_Example_Where_Clause">
    <!--
      WARNING - @mbg.generated
      This element is automatically generated by MyBatis Generator, do not modify.
      This element was generated on Wed May 04 15:45:50 CST 2022.
    -->
    <where>
      <foreach collection="example.oredCriteria" item="criteria" separator="or">
        <if test="criteria.valid">
          <trim prefix="(" prefixOverrides="and" suffix=")">
            <foreach collection="criteria.criteria" item="criterion">
              <choose>
                <when test="criterion.noValue">
                  and ${criterion.condition}
                </when>
                <when test="criterion.singleValue">
                  and ${criterion.condition} #{criterion.value}
                </when>
                <when test="criterion.betweenValue">
                  and ${criterion.condition} #{criterion.value} and #{criterion.secondValue}
                </when>
                <when test="criterion.listValue">
                  and ${criterion.condition}
                  <foreach close=")" collection="criterion.value" item="listItem" open="(" separator=",">
                    #{listItem}
                  </foreach>
                </when>
              </choose>
            </foreach>
          </trim>
        </if>
      </foreach>
    </where>
  </sql>
  <sql id="Base_Column_List">
    <!--
      WARNING - @mbg.generated
      This element is automatically generated by MyBatis Generator, do not modify.
      This element was generated on Wed May 04 15:45:50 CST 2022.
    -->
    ss_id, supplier_id, store_id, transport_price
  </sql>
  <select id="selectByExample" parameterType="com.cqupt.entity.SupplierStoreExample" resultMap="BaseResultMap">
    <!--
      WARNING - @mbg.generated
      This element is automatically generated by MyBatis Generator, do not modify.
      This element was generated on Wed May 04 15:45:50 CST 2022.
    -->
    select
    <if test="distinct">
      distinct
    </if>
    <include refid="Base_Column_List" />
    from supplier_store
    <if test="_parameter != null">
      <include refid="Example_Where_Clause" />
    </if>
    <if test="orderByClause != null">
      order by ${orderByClause}
    </if>
  </select>
  <select id="selectByPrimaryKey" parameterType="java.lang.Integer" resultMap="BaseResultMap">
    <!--
      WARNING - @mbg.generated
      This element is automatically generated by MyBatis Generator, do not modify.
      This element was generated on Wed May 04 15:45:50 CST 2022.
    -->
    select 
    <include refid="Base_Column_List" />
    from supplier_store
    where ss_id = #{ssId,jdbcType=INTEGER}
  </select>
  <delete id="deleteByPrimaryKey" parameterType="java.lang.Integer">
    <!--
      WARNING - @mbg.generated
      This element is automatically generated by MyBatis Generator, do not modify.
      This element was generated on Wed May 04 15:45:50 CST 2022.
    -->
    delete from supplier_store
    where ss_id = #{ssId,jdbcType=INTEGER}
  </delete>
  <delete id="deleteByExample" parameterType="com.cqupt.entity.SupplierStoreExample">
    <!--
      WARNING - @mbg.generated
      This element is automatically generated by MyBatis Generator, do not modify.
      This element was generated on Wed May 04 15:45:50 CST 2022.
    -->
    delete from supplier_store
    <if test="_parameter != null">
      <include refid="Example_Where_Clause" />
    </if>
  </delete>
  <insert id="insert" parameterType="com.cqupt.entity.SupplierStore">
    <!--
      WARNING - @mbg.generated
      This element is automatically generated by MyBatis Generator, do not modify.
      This element was generated on Wed May 04 15:45:50 CST 2022.
    -->
    <selectKey keyProperty="ssId" order="AFTER" resultType="java.lang.Integer">
      SELECT LAST_INSERT_ID()
    </selectKey>
    insert into supplier_store (supplier_id, store_id, transport_price
      )
    values (#{supplierId,jdbcType=INTEGER}, #{storeId,jdbcType=INTEGER}, #{transportPrice,jdbcType=REAL}
      )
  </insert>
  <insert id="insertSelective" parameterType="com.cqupt.entity.SupplierStore">
    <!--
      WARNING - @mbg.generated
      This element is automatically generated by MyBatis Generator, do not modify.
      This element was generated on Wed May 04 15:45:50 CST 2022.
    -->
    <selectKey keyProperty="ssId" order="AFTER" resultType="java.lang.Integer">
      SELECT LAST_INSERT_ID()
    </selectKey>
    insert into supplier_store
    <trim prefix="(" suffix=")" suffixOverrides=",">
      <if test="supplierId != null">
        supplier_id,
      </if>
      <if test="storeId != null">
        store_id,
      </if>
      <if test="transportPrice != null">
        transport_price,
      </if>
    </trim>
    <trim prefix="values (" suffix=")" suffixOverrides=",">
      <if test="supplierId != null">
        #{supplierId,jdbcType=INTEGER},
      </if>
      <if test="storeId != null">
        #{storeId,jdbcType=INTEGER},
      </if>
      <if test="transportPrice != null">
        #{transportPrice,jdbcType=REAL},
      </if>
    </trim>
  </insert>
  <select id="countByExample" parameterType="com.cqupt.entity.SupplierStoreExample" resultType="java.lang.Long">
    <!--
      WARNING - @mbg.generated
      This element is automatically generated by MyBatis Generator, do not modify.
      This element was generated on Wed May 04 15:45:50 CST 2022.
    -->
    select count(*) from supplier_store
    <if test="_parameter != null">
      <include refid="Example_Where_Clause" />
    </if>
  </select>
  <update id="updateByExampleSelective" parameterType="map">
    <!--
      WARNING - @mbg.generated
      This element is automatically generated by MyBatis Generator, do not modify.
      This element was generated on Wed May 04 15:45:50 CST 2022.
    -->
    update supplier_store
    <set>
      <if test="record.ssId != null">
        ss_id = #{record.ssId,jdbcType=INTEGER},
      </if>
      <if test="record.supplierId != null">
        supplier_id = #{record.supplierId,jdbcType=INTEGER},
      </if>
      <if test="record.storeId != null">
        store_id = #{record.storeId,jdbcType=INTEGER},
      </if>
      <if test="record.transportPrice != null">
        transport_price = #{record.transportPrice,jdbcType=REAL},
      </if>
    </set>
    <if test="_parameter != null">
      <include refid="Update_By_Example_Where_Clause" />
    </if>
  </update>
  <update id="updateByExample" parameterType="map">
    <!--
      WARNING - @mbg.generated
      This element is automatically generated by MyBatis Generator, do not modify.
      This element was generated on Wed May 04 15:45:50 CST 2022.
    -->
    update supplier_store
    set ss_id = #{record.ssId,jdbcType=INTEGER},
      supplier_id = #{record.supplierId,jdbcType=INTEGER},
      store_id = #{record.storeId,jdbcType=INTEGER},
      transport_price = #{record.transportPrice,jdbcType=REAL}
    <if test="_parameter != null">
      <include refid="Update_By_Example_Where_Clause" />
    </if>
  </update>
  <update id="updateByPrimaryKeySelective" parameterType="com.cqupt.entity.SupplierStore">
    <!--
      WARNING - @mbg.generated
      This element is automatically generated by MyBatis Generator, do not modify.
      This element was generated on Wed May 04 15:45:50 CST 2022.
    -->
    update supplier_store
    <set>
      <if test="supplierId != null">
        supplier_id = #{supplierId,jdbcType=INTEGER},
      </if>
      <if test="storeId != null">
        store_id = #{storeId,jdbcType=INTEGER},
      </if>
      <if test="transportPrice != null">
        transport_price = #{transportPrice,jdbcType=REAL},
      </if>
    </set>
    where ss_id = #{ssId,jdbcType=INTEGER}
  </update>
  <update id="updateByPrimaryKey" parameterType="com.cqupt.entity.SupplierStore">
    <!--
      WARNING - @mbg.generated
      This element is automatically generated by MyBatis Generator, do not modify.
      This element was generated on Wed May 04 15:45:50 CST 2022.
    -->
    update supplier_store
    set supplier_id = #{supplierId,jdbcType=INTEGER},
      store_id = #{storeId,jdbcType=INTEGER},
      transport_price = #{transportPrice,jdbcType=REAL}
    where ss_id = #{ssId,jdbcType=INTEGER}
  </update>
</mapper>