<?xml version="1.0" encoding="UTF-8"?>
<!DOCTYPE mapper PUBLIC "-//mybatis.org//DTD Mapper 3.0//EN" "http://mybatis.org/dtd/mybatis-3-mapper.dtd">
<mapper namespace="com.cqupt.dao.oracle.SupplierMapper">
  <resultMap id="BaseResultMap" type="com.cqupt.entity.Supplier">
    <!--
      WARNING - @mbg.generated
      This element is automatically generated by MyBatis Generator, do not modify.
      This element was generated on Wed Apr 20 14:52:05 CST 2022.
    -->
    <id column="supplier_id" jdbcType="INTEGER" property="supplierId" />
    <result column="supplier_name" jdbcType="VARCHAR" property="supplierName" />
    <result column="supplier_address" jdbcType="VARCHAR" property="supplierAddress" />
    <result column="supplier_phone" jdbcType="DECIMAL" property="supplierPhone" />
  </resultMap>
  <sql id="Example_Where_Clause">
    <!--
      WARNING - @mbg.generated
      This element is automatically generated by MyBatis Generator, do not modify.
      This element was generated on Wed Apr 20 14:52:05 CST 2022.
    -->
    <where>
      <foreach collection="oredCriteria" item="criteria" separator="or">
        <if test="criteria.valid">
          <trim prefix="(" prefixOverrides="and" suffix=")">
            <foreach collection="criteria.criteria" item="criterion">
              <choose>
                <when test="criterion.noValue">
                  and ${criterion.condition}
                </when>
                <when test="criterion.singleValue">
                  and ${criterion.condition} #{criterion.value}
                </when>
                <when test="criterion.betweenValue">
                  and ${criterion.condition} #{criterion.value} and #{criterion.secondValue}
                </when>
                <when test="criterion.listValue">
                  and ${criterion.condition}
                  <foreach close=")" collection="criterion.value" item="listItem" open="(" separator=",">
                    #{listItem}
                  </foreach>
                </when>
              </choose>
            </foreach>
          </trim>
        </if>
      </foreach>
    </where>
  </sql>
  <sql id="Update_By_Example_Where_Clause">
    <!--
      WARNING - @mbg.generated
      This element is automatically generated by MyBatis Generator, do not modify.
      This element was generated on Wed Apr 20 14:52:05 CST 2022.
    -->
    <where>
      <foreach collection="example.oredCriteria" item="criteria" separator="or">
        <if test="criteria.valid">
          <trim prefix="(" prefixOverrides="and" suffix=")">
            <foreach collection="criteria.criteria" item="criterion">
              <choose>
                <when test="criterion.noValue">
                  and ${criterion.condition}
                </when>
                <when test="criterion.singleValue">
                  and ${criterion.condition} #{criterion.value}
                </when>
                <when test="criterion.betweenValue">
                  and ${criterion.condition} #{criterion.value} and #{criterion.secondValue}
                </when>
                <when test="criterion.listValue">
                  and ${criterion.condition}
                  <foreach close=")" collection="criterion.value" item="listItem" open="(" separator=",">
                    #{listItem}
                  </foreach>
                </when>
              </choose>
            </foreach>
          </trim>
        </if>
      </foreach>
    </where>
  </sql>
  <sql id="Base_Column_List">
    <!--
      WARNING - @mbg.generated
      This element is automatically generated by MyBatis Generator, do not modify.
      This element was generated on Wed Apr 20 14:52:05 CST 2022.
    -->
    supplier_id, supplier_name, supplier_address, supplier_phone
  </sql>
  <select id="selectByExample" parameterType="com.cqupt.entity.SupplierExample" resultMap="BaseResultMap">
    <!--
      WARNING - @mbg.generated
      This element is automatically generated by MyBatis Generator, do not modify.
      This element was generated on Wed Apr 20 14:52:05 CST 2022.
    -->
    select
    <if test="distinct">
      distinct
    </if>
    <include refid="Base_Column_List" />
    from supplier
    <if test="_parameter != null">
      <include refid="Example_Where_Clause" />
    </if>
    <if test="orderByClause != null">
      order by ${orderByClause}
    </if>
  </select>
  <select id="selectByPrimaryKey" parameterType="java.lang.Integer" resultMap="BaseResultMap">
    <!--
      WARNING - @mbg.generated
      This element is automatically generated by MyBatis Generator, do not modify.
      This element was generated on Wed Apr 20 14:52:05 CST 2022.
    -->
    select 
    <include refid="Base_Column_List" />
    from supplier
    where supplier_id = #{supplierId,jdbcType=INTEGER}
  </select>
  <delete id="deleteByPrimaryKey" parameterType="java.lang.Integer">
    <!--
      WARNING - @mbg.generated
      This element is automatically generated by MyBatis Generator, do not modify.
      This element was generated on Wed Apr 20 14:52:05 CST 2022.
    -->
    delete from supplier
    where supplier_id = #{supplierId,jdbcType=INTEGER}
  </delete>
  <delete id="deleteByExample" parameterType="com.cqupt.entity.SupplierExample">
    <!--
      WARNING - @mbg.generated
      This element is automatically generated by MyBatis Generator, do not modify.
      This element was generated on Wed Apr 20 14:52:05 CST 2022.
    -->
    delete from supplier
    <if test="_parameter != null">
      <include refid="Example_Where_Clause" />
    </if>
  </delete>
  <insert id="insert" parameterType="com.cqupt.entity.Supplier">
    <!--
      WARNING - @mbg.generated
      This element is automatically generated by MyBatis Generator, do not modify.
      This element was generated on Wed Apr 20 14:52:05 CST 2022.
    -->
    <selectKey keyProperty="supplierId" order="AFTER" resultType="java.lang.Integer">
      SELECT LAST_INSERT_ID()
    </selectKey>
    insert into supplier (supplier_name, supplier_address, supplier_phone
      )
    values (#{supplierName,jdbcType=VARCHAR}, #{supplierAddress,jdbcType=VARCHAR}, #{supplierPhone,jdbcType=DECIMAL}
      )
  </insert>
  <insert id="insertSelective" parameterType="com.cqupt.entity.Supplier">
    <!--
      WARNING - @mbg.generated
      This element is automatically generated by MyBatis Generator, do not modify.
      This element was generated on Wed Apr 20 14:52:05 CST 2022.
    -->
    <selectKey keyProperty="supplierId" order="AFTER" resultType="java.lang.Integer">
      SELECT LAST_INSERT_ID()
    </selectKey>
    insert into supplier
    <trim prefix="(" suffix=")" suffixOverrides=",">
      <if test="supplierName != null">
        supplier_name,
      </if>
      <if test="supplierAddress != null">
        supplier_address,
      </if>
      <if test="supplierPhone != null">
        supplier_phone,
      </if>
    </trim>
    <trim prefix="values (" suffix=")" suffixOverrides=",">
      <if test="supplierName != null">
        #{supplierName,jdbcType=VARCHAR},
      </if>
      <if test="supplierAddress != null">
        #{supplierAddress,jdbcType=VARCHAR},
      </if>
      <if test="supplierPhone != null">
        #{supplierPhone,jdbcType=DECIMAL},
      </if>
    </trim>
  </insert>
  <select id="countByExample" parameterType="com.cqupt.entity.SupplierExample" resultType="java.lang.Long">
    <!--
      WARNING - @mbg.generated
      This element is automatically generated by MyBatis Generator, do not modify.
      This element was generated on Wed Apr 20 14:52:05 CST 2022.
    -->
    select count(*) from supplier
    <if test="_parameter != null">
      <include refid="Example_Where_Clause" />
    </if>
  </select>
  <update id="updateByExampleSelective" parameterType="map">
    <!--
      WARNING - @mbg.generated
      This element is automatically generated by MyBatis Generator, do not modify.
      This element was generated on Wed Apr 20 14:52:05 CST 2022.
    -->
    update supplier
    <set>
      <if test="record.supplierId != null">
        supplier_id = #{record.supplierId,jdbcType=INTEGER},
      </if>
      <if test="record.supplierName != null">
        supplier_name = #{record.supplierName,jdbcType=VARCHAR},
      </if>
      <if test="record.supplierAddress != null">
        supplier_address = #{record.supplierAddress,jdbcType=VARCHAR},
      </if>
      <if test="record.supplierPhone != null">
        supplier_phone = #{record.supplierPhone,jdbcType=DECIMAL},
      </if>
    </set>
    <if test="_parameter != null">
      <include refid="Update_By_Example_Where_Clause" />
    </if>
  </update>
  <update id="updateByExample" parameterType="map">
    <!--
      WARNING - @mbg.generated
      This element is automatically generated by MyBatis Generator, do not modify.
      This element was generated on Wed Apr 20 14:52:05 CST 2022.
    -->
    update supplier
    set supplier_id = #{record.supplierId,jdbcType=INTEGER},
      supplier_name = #{record.supplierName,jdbcType=VARCHAR},
      supplier_address = #{record.supplierAddress,jdbcType=VARCHAR},
      supplier_phone = #{record.supplierPhone,jdbcType=DECIMAL}
    <if test="_parameter != null">
      <include refid="Update_By_Example_Where_Clause" />
    </if>
  </update>
  <update id="updateByPrimaryKeySelective" parameterType="com.cqupt.entity.Supplier">
    <!--
      WARNING - @mbg.generated
      This element is automatically generated by MyBatis Generator, do not modify.
      This element was generated on Wed Apr 20 14:52:05 CST 2022.
    -->
    update supplier
    <set>
      <if test="supplierName != null">
        supplier_name = #{supplierName,jdbcType=VARCHAR},
      </if>
      <if test="supplierAddress != null">
        supplier_address = #{supplierAddress,jdbcType=VARCHAR},
      </if>
      <if test="supplierPhone != null">
        supplier_phone = #{supplierPhone,jdbcType=DECIMAL},
      </if>
    </set>
    where supplier_id = #{supplierId,jdbcType=INTEGER}
  </update>
  <update id="updateByPrimaryKey" parameterType="com.cqupt.entity.Supplier">
    <!--
      WARNING - @mbg.generated
      This element is automatically generated by MyBatis Generator, do not modify.
      This element was generated on Wed Apr 20 14:52:05 CST 2022.
    -->
    update supplier
    set supplier_name = #{supplierName,jdbcType=VARCHAR},
      supplier_address = #{supplierAddress,jdbcType=VARCHAR},
      supplier_phone = #{supplierPhone,jdbcType=DECIMAL}
    where supplier_id = #{supplierId,jdbcType=INTEGER}
  </update>
</mapper>