<?xml version="1.0" encoding="UTF-8"?>
<!DOCTYPE mapper PUBLIC "-//mybatis.org//DTD Mapper 3.0//EN" "http://mybatis.org/dtd/mybatis-3-mapper.dtd">
<mapper namespace="com.cqupt.dao.oracle.TransportVehicleMapper">
  <resultMap id="BaseResultMap" type="com.cqupt.entity.TransportVehicle">
    <!--
      WARNING - @mbg.generated
      This element is automatically generated by MyBatis Generator, do not modify.
      This element was generated on Mon Apr 18 15:55:29 CST 2022.
    -->
    <id column="v_id" jdbcType="INTEGER" property="vId" />
    <result column="h_admin_id" jdbcType="VARCHAR" property="hAdminId" />
    <result column="v_person" jdbcType="VARCHAR" property="vPerson" />
    <result column="v_number" jdbcType="VARCHAR" property="vNumber" />
    <result column="v_phone" jdbcType="DECIMAL" property="vPhone" />
    <result column="v_available" jdbcType="BIT" property="vAvailable" />
    <result column="v_capacity" jdbcType="DECIMAL" property="vCapacity" />
  </resultMap>
  <sql id="Example_Where_Clause">
    <!--
      WARNING - @mbg.generated
      This element is automatically generated by MyBatis Generator, do not modify.
      This element was generated on Mon Apr 18 15:55:29 CST 2022.
    -->
    <where>
      <foreach collection="oredCriteria" item="criteria" separator="or">
        <if test="criteria.valid">
          <trim prefix="(" prefixOverrides="and" suffix=")">
            <foreach collection="criteria.criteria" item="criterion">
              <choose>
                <when test="criterion.noValue">
                  and ${criterion.condition}
                </when>
                <when test="criterion.singleValue">
                  and ${criterion.condition} #{criterion.value}
                </when>
                <when test="criterion.betweenValue">
                  and ${criterion.condition} #{criterion.value} and #{criterion.secondValue}
                </when>
                <when test="criterion.listValue">
                  and ${criterion.condition}
                  <foreach close=")" collection="criterion.value" item="listItem" open="(" separator=",">
                    #{listItem}
                  </foreach>
                </when>
              </choose>
            </foreach>
          </trim>
        </if>
      </foreach>
    </where>
  </sql>
  <sql id="Update_By_Example_Where_Clause">
    <!--
      WARNING - @mbg.generated
      This element is automatically generated by MyBatis Generator, do not modify.
      This element was generated on Mon Apr 18 15:55:29 CST 2022.
    -->
    <where>
      <foreach collection="example.oredCriteria" item="criteria" separator="or">
        <if test="criteria.valid">
          <trim prefix="(" prefixOverrides="and" suffix=")">
            <foreach collection="criteria.criteria" item="criterion">
              <choose>
                <when test="criterion.noValue">
                  and ${criterion.condition}
                </when>
                <when test="criterion.singleValue">
                  and ${criterion.condition} #{criterion.value}
                </when>
                <when test="criterion.betweenValue">
                  and ${criterion.condition} #{criterion.value} and #{criterion.secondValue}
                </when>
                <when test="criterion.listValue">
                  and ${criterion.condition}
                  <foreach close=")" collection="criterion.value" item="listItem" open="(" separator=",">
                    #{listItem}
                  </foreach>
                </when>
              </choose>
            </foreach>
          </trim>
        </if>
      </foreach>
    </where>
  </sql>
  <sql id="Base_Column_List">
    <!--
      WARNING - @mbg.generated
      This element is automatically generated by MyBatis Generator, do not modify.
      This element was generated on Mon Apr 18 15:55:29 CST 2022.
    -->
    v_id, h_admin_id, v_person, v_number, v_phone, v_available, v_capacity
  </sql>
  <select id="selectByExample" parameterType="com.cqupt.entity.TransportVehicleExample" resultMap="BaseResultMap">
    <!--
      WARNING - @mbg.generated
      This element is automatically generated by MyBatis Generator, do not modify.
      This element was generated on Mon Apr 18 15:55:29 CST 2022.
    -->
    select
    <if test="distinct">
      distinct
    </if>
    <include refid="Base_Column_List" />
    from transport_vehicle
    <if test="_parameter != null">
      <include refid="Example_Where_Clause" />
    </if>
    <if test="orderByClause != null">
      order by ${orderByClause}
    </if>
  </select>
  <select id="selectByPrimaryKey" parameterType="java.lang.Integer" resultMap="BaseResultMap">
    <!--
      WARNING - @mbg.generated
      This element is automatically generated by MyBatis Generator, do not modify.
      This element was generated on Mon Apr 18 15:55:29 CST 2022.
    -->
    select 
    <include refid="Base_Column_List" />
    from transport_vehicle
    where v_id = #{vId,jdbcType=INTEGER}
  </select>
  <delete id="deleteByPrimaryKey" parameterType="java.lang.Integer">
    <!--
      WARNING - @mbg.generated
      This element is automatically generated by MyBatis Generator, do not modify.
      This element was generated on Mon Apr 18 15:55:29 CST 2022.
    -->
    delete from transport_vehicle
    where v_id = #{vId,jdbcType=INTEGER}
  </delete>
  <delete id="deleteByExample" parameterType="com.cqupt.entity.TransportVehicleExample">
    <!--
      WARNING - @mbg.generated
      This element is automatically generated by MyBatis Generator, do not modify.
      This element was generated on Mon Apr 18 15:55:29 CST 2022.
    -->
    delete from transport_vehicle
    <if test="_parameter != null">
      <include refid="Example_Where_Clause" />
    </if>
  </delete>
  <insert id="insert" parameterType="com.cqupt.entity.TransportVehicle">
    <!--
      WARNING - @mbg.generated
      This element is automatically generated by MyBatis Generator, do not modify.
      This element was generated on Mon Apr 18 15:55:29 CST 2022.
    -->
    <selectKey keyProperty="vId" order="AFTER" resultType="java.lang.Integer">
      SELECT LAST_INSERT_ID()
    </selectKey>
    insert into transport_vehicle (h_admin_id, v_person, v_number, 
      v_phone, v_available, v_capacity
      )
    values (#{hAdminId,jdbcType=VARCHAR}, #{vPerson,jdbcType=VARCHAR}, #{vNumber,jdbcType=VARCHAR}, 
      #{vPhone,jdbcType=DECIMAL}, #{vAvailable,jdbcType=BIT}, #{vCapacity,jdbcType=DECIMAL}
      )
  </insert>
  <insert id="insertSelective" parameterType="com.cqupt.entity.TransportVehicle">
    <!--
      WARNING - @mbg.generated
      This element is automatically generated by MyBatis Generator, do not modify.
      This element was generated on Mon Apr 18 15:55:29 CST 2022.
    -->
    <selectKey keyProperty="vId" order="AFTER" resultType="java.lang.Integer">
      SELECT LAST_INSERT_ID()
    </selectKey>
    insert into transport_vehicle
    <trim prefix="(" suffix=")" suffixOverrides=",">
      <if test="hAdminId != null">
        h_admin_id,
      </if>
      <if test="vPerson != null">
        v_person,
      </if>
      <if test="vNumber != null">
        v_number,
      </if>
      <if test="vPhone != null">
        v_phone,
      </if>
      <if test="vAvailable != null">
        v_available,
      </if>
      <if test="vCapacity != null">
        v_capacity,
      </if>
    </trim>
    <trim prefix="values (" suffix=")" suffixOverrides=",">
      <if test="hAdminId != null">
        #{hAdminId,jdbcType=VARCHAR},
      </if>
      <if test="vPerson != null">
        #{vPerson,jdbcType=VARCHAR},
      </if>
      <if test="vNumber != null">
        #{vNumber,jdbcType=VARCHAR},
      </if>
      <if test="vPhone != null">
        #{vPhone,jdbcType=DECIMAL},
      </if>
      <if test="vAvailable != null">
        #{vAvailable,jdbcType=BIT},
      </if>
      <if test="vCapacity != null">
        #{vCapacity,jdbcType=DECIMAL},
      </if>
    </trim>
  </insert>
  <select id="countByExample" parameterType="com.cqupt.entity.TransportVehicleExample" resultType="java.lang.Long">
    <!--
      WARNING - @mbg.generated
      This element is automatically generated by MyBatis Generator, do not modify.
      This element was generated on Mon Apr 18 15:55:29 CST 2022.
    -->
    select count(*) from transport_vehicle
    <if test="_parameter != null">
      <include refid="Example_Where_Clause" />
    </if>
  </select>
  <update id="updateByExampleSelective" parameterType="map">
    <!--
      WARNING - @mbg.generated
      This element is automatically generated by MyBatis Generator, do not modify.
      This element was generated on Mon Apr 18 15:55:29 CST 2022.
    -->
    update transport_vehicle
    <set>
      <if test="record.vId != null">
        v_id = #{record.vId,jdbcType=INTEGER},
      </if>
      <if test="record.hAdminId != null">
        h_admin_id = #{record.hAdminId,jdbcType=VARCHAR},
      </if>
      <if test="record.vPerson != null">
        v_person = #{record.vPerson,jdbcType=VARCHAR},
      </if>
      <if test="record.vNumber != null">
        v_number = #{record.vNumber,jdbcType=VARCHAR},
      </if>
      <if test="record.vPhone != null">
        v_phone = #{record.vPhone,jdbcType=DECIMAL},
      </if>
      <if test="record.vAvailable != null">
        v_available = #{record.vAvailable,jdbcType=BIT},
      </if>
      <if test="record.vCapacity != null">
        v_capacity = #{record.vCapacity,jdbcType=DECIMAL},
      </if>
    </set>
    <if test="_parameter != null">
      <include refid="Update_By_Example_Where_Clause" />
    </if>
  </update>
  <update id="updateByExample" parameterType="map">
    <!--
      WARNING - @mbg.generated
      This element is automatically generated by MyBatis Generator, do not modify.
      This element was generated on Mon Apr 18 15:55:29 CST 2022.
    -->
    update transport_vehicle
    set v_id = #{record.vId,jdbcType=INTEGER},
      h_admin_id = #{record.hAdminId,jdbcType=VARCHAR},
      v_person = #{record.vPerson,jdbcType=VARCHAR},
      v_number = #{record.vNumber,jdbcType=VARCHAR},
      v_phone = #{record.vPhone,jdbcType=DECIMAL},
      v_available = #{record.vAvailable,jdbcType=BIT},
      v_capacity = #{record.vCapacity,jdbcType=DECIMAL}
    <if test="_parameter != null">
      <include refid="Update_By_Example_Where_Clause" />
    </if>
  </update>
  <update id="updateByPrimaryKeySelective" parameterType="com.cqupt.entity.TransportVehicle">
    <!--
      WARNING - @mbg.generated
      This element is automatically generated by MyBatis Generator, do not modify.
      This element was generated on Mon Apr 18 15:55:29 CST 2022.
    -->
    update transport_vehicle
    <set>
      <if test="hAdminId != null">
        h_admin_id = #{hAdminId,jdbcType=VARCHAR},
      </if>
      <if test="vPerson != null">
        v_person = #{vPerson,jdbcType=VARCHAR},
      </if>
      <if test="vNumber != null">
        v_number = #{vNumber,jdbcType=VARCHAR},
      </if>
      <if test="vPhone != null">
        v_phone = #{vPhone,jdbcType=DECIMAL},
      </if>
      <if test="vAvailable != null">
        v_available = #{vAvailable,jdbcType=BIT},
      </if>
      <if test="vCapacity != null">
        v_capacity = #{vCapacity,jdbcType=DECIMAL},
      </if>
    </set>
    where v_id = #{vId,jdbcType=INTEGER}
  </update>
  <update id="updateByPrimaryKey" parameterType="com.cqupt.entity.TransportVehicle">
    <!--
      WARNING - @mbg.generated
      This element is automatically generated by MyBatis Generator, do not modify.
      This element was generated on Mon Apr 18 15:55:29 CST 2022.
    -->
    update transport_vehicle
    set h_admin_id = #{hAdminId,jdbcType=VARCHAR},
      v_person = #{vPerson,jdbcType=VARCHAR},
      v_number = #{vNumber,jdbcType=VARCHAR},
      v_phone = #{vPhone,jdbcType=DECIMAL},
      v_available = #{vAvailable,jdbcType=BIT},
      v_capacity = #{vCapacity,jdbcType=DECIMAL}
    where v_id = #{vId,jdbcType=INTEGER}
  </update>
</mapper>