<?xml version="1.0" encoding="UTF-8"?>
<!DOCTYPE mapper PUBLIC "-//mybatis.org//DTD Mapper 3.0//EN" "http://mybatis.org/dtd/mybatis-3-mapper.dtd">
<mapper namespace="com.cqupt.dao.oracle.TransportPlanMapper">
  <resultMap id="BaseResultMap" type="com.cqupt.entity.TransportPlan">
    <!--
      WARNING - @mbg.generated
      This element is automatically generated by MyBatis Generator, do not modify.
      This element was generated on Mon May 02 21:44:16 CST 2022.
    -->
    <id column="tp_id" jdbcType="INTEGER" property="tpId" />
    <result column="tp_p_id" jdbcType="INTEGER" property="tpPId" />
    <result column="g_id" jdbcType="INTEGER" property="gId" />
    <result column="supplier_id" jdbcType="INTEGER" property="supplierId" />
    <result column="store_id" jdbcType="INTEGER" property="storeId" />
    <result column="tp_number" jdbcType="INTEGER" property="tpNumber" />
  </resultMap>
  <sql id="Example_Where_Clause">
    <!--
      WARNING - @mbg.generated
      This element is automatically generated by MyBatis Generator, do not modify.
      This element was generated on Mon May 02 21:44:16 CST 2022.
    -->
    <where>
      <foreach collection="oredCriteria" item="criteria" separator="or">
        <if test="criteria.valid">
          <trim prefix="(" prefixOverrides="and" suffix=")">
            <foreach collection="criteria.criteria" item="criterion">
              <choose>
                <when test="criterion.noValue">
                  and ${criterion.condition}
                </when>
                <when test="criterion.singleValue">
                  and ${criterion.condition} #{criterion.value}
                </when>
                <when test="criterion.betweenValue">
                  and ${criterion.condition} #{criterion.value} and #{criterion.secondValue}
                </when>
                <when test="criterion.listValue">
                  and ${criterion.condition}
                  <foreach close=")" collection="criterion.value" item="listItem" open="(" separator=",">
                    #{listItem}
                  </foreach>
                </when>
              </choose>
            </foreach>
          </trim>
        </if>
      </foreach>
    </where>
  </sql>
  <sql id="Update_By_Example_Where_Clause">
    <!--
      WARNING - @mbg.generated
      This element is automatically generated by MyBatis Generator, do not modify.
      This element was generated on Mon May 02 21:44:16 CST 2022.
    -->
    <where>
      <foreach collection="example.oredCriteria" item="criteria" separator="or">
        <if test="criteria.valid">
          <trim prefix="(" prefixOverrides="and" suffix=")">
            <foreach collection="criteria.criteria" item="criterion">
              <choose>
                <when test="criterion.noValue">
                  and ${criterion.condition}
                </when>
                <when test="criterion.singleValue">
                  and ${criterion.condition} #{criterion.value}
                </when>
                <when test="criterion.betweenValue">
                  and ${criterion.condition} #{criterion.value} and #{criterion.secondValue}
                </when>
                <when test="criterion.listValue">
                  and ${criterion.condition}
                  <foreach close=")" collection="criterion.value" item="listItem" open="(" separator=",">
                    #{listItem}
                  </foreach>
                </when>
              </choose>
            </foreach>
          </trim>
        </if>
      </foreach>
    </where>
  </sql>
  <sql id="Base_Column_List">
    <!--
      WARNING - @mbg.generated
      This element is automatically generated by MyBatis Generator, do not modify.
      This element was generated on Mon May 02 21:44:16 CST 2022.
    -->
    tp_id, tp_p_id, g_id, supplier_id, store_id, tp_number
  </sql>
  <select id="selectByExample" parameterType="com.cqupt.entity.TransportPlanExample" resultMap="BaseResultMap">
    <!--
      WARNING - @mbg.generated
      This element is automatically generated by MyBatis Generator, do not modify.
      This element was generated on Mon May 02 21:44:16 CST 2022.
    -->
    select
    <if test="distinct">
      distinct
    </if>
    <include refid="Base_Column_List" />
    from transport_plan
    <if test="_parameter != null">
      <include refid="Example_Where_Clause" />
    </if>
    <if test="orderByClause != null">
      order by ${orderByClause}
    </if>
  </select>
  <select id="selectByPrimaryKey" parameterType="java.lang.Integer" resultMap="BaseResultMap">
    <!--
      WARNING - @mbg.generated
      This element is automatically generated by MyBatis Generator, do not modify.
      This element was generated on Mon May 02 21:44:16 CST 2022.
    -->
    select 
    <include refid="Base_Column_List" />
    from transport_plan
    where tp_id = #{tpId,jdbcType=INTEGER}
  </select>
  <delete id="deleteByPrimaryKey" parameterType="java.lang.Integer">
    <!--
      WARNING - @mbg.generated
      This element is automatically generated by MyBatis Generator, do not modify.
      This element was generated on Mon May 02 21:44:16 CST 2022.
    -->
    delete from transport_plan
    where tp_id = #{tpId,jdbcType=INTEGER}
  </delete>
  <delete id="deleteByExample" parameterType="com.cqupt.entity.TransportPlanExample">
    <!--
      WARNING - @mbg.generated
      This element is automatically generated by MyBatis Generator, do not modify.
      This element was generated on Mon May 02 21:44:16 CST 2022.
    -->
    delete from transport_plan
    <if test="_parameter != null">
      <include refid="Example_Where_Clause" />
    </if>
  </delete>
  <insert id="insert" parameterType="com.cqupt.entity.TransportPlan">
    <!--
      WARNING - @mbg.generated
      This element is automatically generated by MyBatis Generator, do not modify.
      This element was generated on Mon May 02 21:44:16 CST 2022.
    -->
    <selectKey keyProperty="tpId" order="AFTER" resultType="java.lang.Integer">
      SELECT LAST_INSERT_ID()
    </selectKey>
    insert into transport_plan (tp_p_id, g_id, supplier_id, 
      store_id, tp_number)
    values (#{tpPId,jdbcType=INTEGER}, #{gId,jdbcType=INTEGER}, #{supplierId,jdbcType=INTEGER}, 
      #{storeId,jdbcType=INTEGER}, #{tpNumber,jdbcType=INTEGER})
  </insert>
  <insert id="insertSelective" parameterType="com.cqupt.entity.TransportPlan">
    <!--
      WARNING - @mbg.generated
      This element is automatically generated by MyBatis Generator, do not modify.
      This element was generated on Mon May 02 21:44:16 CST 2022.
    -->
    <selectKey keyProperty="tpId" order="AFTER" resultType="java.lang.Integer">
      SELECT LAST_INSERT_ID()
    </selectKey>
    insert into transport_plan
    <trim prefix="(" suffix=")" suffixOverrides=",">
      <if test="tpPId != null">
        tp_p_id,
      </if>
      <if test="gId != null">
        g_id,
      </if>
      <if test="supplierId != null">
        supplier_id,
      </if>
      <if test="storeId != null">
        store_id,
      </if>
      <if test="tpNumber != null">
        tp_number,
      </if>
    </trim>
    <trim prefix="values (" suffix=")" suffixOverrides=",">
      <if test="tpPId != null">
        #{tpPId,jdbcType=INTEGER},
      </if>
      <if test="gId != null">
        #{gId,jdbcType=INTEGER},
      </if>
      <if test="supplierId != null">
        #{supplierId,jdbcType=INTEGER},
      </if>
      <if test="storeId != null">
        #{storeId,jdbcType=INTEGER},
      </if>
      <if test="tpNumber != null">
        #{tpNumber,jdbcType=INTEGER},
      </if>
    </trim>
  </insert>
  <select id="countByExample" parameterType="com.cqupt.entity.TransportPlanExample" resultType="java.lang.Long">
    <!--
      WARNING - @mbg.generated
      This element is automatically generated by MyBatis Generator, do not modify.
      This element was generated on Mon May 02 21:44:16 CST 2022.
    -->
    select count(*) from transport_plan
    <if test="_parameter != null">
      <include refid="Example_Where_Clause" />
    </if>
  </select>
  <update id="updateByExampleSelective" parameterType="map">
    <!--
      WARNING - @mbg.generated
      This element is automatically generated by MyBatis Generator, do not modify.
      This element was generated on Mon May 02 21:44:16 CST 2022.
    -->
    update transport_plan
    <set>
      <if test="record.tpId != null">
        tp_id = #{record.tpId,jdbcType=INTEGER},
      </if>
      <if test="record.tpPId != null">
        tp_p_id = #{record.tpPId,jdbcType=INTEGER},
      </if>
      <if test="record.gId != null">
        g_id = #{record.gId,jdbcType=INTEGER},
      </if>
      <if test="record.supplierId != null">
        supplier_id = #{record.supplierId,jdbcType=INTEGER},
      </if>
      <if test="record.storeId != null">
        store_id = #{record.storeId,jdbcType=INTEGER},
      </if>
      <if test="record.tpNumber != null">
        tp_number = #{record.tpNumber,jdbcType=INTEGER},
      </if>
    </set>
    <if test="_parameter != null">
      <include refid="Update_By_Example_Where_Clause" />
    </if>
  </update>
  <update id="updateByExample" parameterType="map">
    <!--
      WARNING - @mbg.generated
      This element is automatically generated by MyBatis Generator, do not modify.
      This element was generated on Mon May 02 21:44:16 CST 2022.
    -->
    update transport_plan
    set tp_id = #{record.tpId,jdbcType=INTEGER},
      tp_p_id = #{record.tpPId,jdbcType=INTEGER},
      g_id = #{record.gId,jdbcType=INTEGER},
      supplier_id = #{record.supplierId,jdbcType=INTEGER},
      store_id = #{record.storeId,jdbcType=INTEGER},
      tp_number = #{record.tpNumber,jdbcType=INTEGER}
    <if test="_parameter != null">
      <include refid="Update_By_Example_Where_Clause" />
    </if>
  </update>
  <update id="updateByPrimaryKeySelective" parameterType="com.cqupt.entity.TransportPlan">
    <!--
      WARNING - @mbg.generated
      This element is automatically generated by MyBatis Generator, do not modify.
      This element was generated on Mon May 02 21:44:16 CST 2022.
    -->
    update transport_plan
    <set>
      <if test="tpPId != null">
        tp_p_id = #{tpPId,jdbcType=INTEGER},
      </if>
      <if test="gId != null">
        g_id = #{gId,jdbcType=INTEGER},
      </if>
      <if test="supplierId != null">
        supplier_id = #{supplierId,jdbcType=INTEGER},
      </if>
      <if test="storeId != null">
        store_id = #{storeId,jdbcType=INTEGER},
      </if>
      <if test="tpNumber != null">
        tp_number = #{tpNumber,jdbcType=INTEGER},
      </if>
    </set>
    where tp_id = #{tpId,jdbcType=INTEGER}
  </update>
  <update id="updateByPrimaryKey" parameterType="com.cqupt.entity.TransportPlan">
    <!--
      WARNING - @mbg.generated
      This element is automatically generated by MyBatis Generator, do not modify.
      This element was generated on Mon May 02 21:44:16 CST 2022.
    -->
    update transport_plan
    set tp_p_id = #{tpPId,jdbcType=INTEGER},
      g_id = #{gId,jdbcType=INTEGER},
      supplier_id = #{supplierId,jdbcType=INTEGER},
      store_id = #{storeId,jdbcType=INTEGER},
      tp_number = #{tpNumber,jdbcType=INTEGER}
    where tp_id = #{tpId,jdbcType=INTEGER}
  </update>
</mapper>