<?xml version="1.0" encoding="UTF-8"?>
<beans xmlns="http://www.springframework.org/schema/beans"
       xmlns:xsi="http://www.w3.org/2001/XMLSchema-instance"
       xmlns:tx="http://www.springframework.org/schema/tx"
       xmlns:context="http://www.springframework.org/schema/context"
       xsi:schemaLocation="
        http://www.springframework.org/schema/beans
        http://www.springframework.org/schema/beans/spring-beans.xsd
        http://www.springframework.org/schema/tx
        http://www.springframework.org/schema/tx/spring-tx.xsd
        http://www.springframework.org/schema/context
        http://www.springframework.org/schema/context/spring-context.xsd">

    <context:property-placeholder location="classpath:conf/config.properties" />

    <bean id="dataSource" class="org.apache.tomcat.jdbc.pool.DataSource" destroy-method="close">
        <property name="poolProperties">
            <bean class="org.apache.tomcat.jdbc.pool.PoolProperties">
                <property name="driverClassName" value="${jdbc.driver}"/>
                <property name="url" value="${jdbc.url}"/>
                <property name="username" value="${jdbc.userName}"/>
                <property name="password" value="${jdbc.passWord}"/>
                <property name="jmxEnabled" value="true"/>
                <property name="testWhileIdle" value="true"/>
                <property name="testOnBorrow" value="true"/>
                <property name="testOnReturn" value="false"/>
                <property name="validationInterval" value="30000"/>
                <property name="validationQuery" value="SELECT 1"/>
                <property name="timeBetweenEvictionRunsMillis" value="30000"/>
                <property name="maxActive" value="1000"/>
                <property name="initialSize" value="10"/>
                <property name="maxWait" value="10000"/>
                <property name="minEvictableIdleTimeMillis" value="30000"/>
                <property name="minIdle" value="10"/>
                <property name="logAbandoned" value="false"/>
                <property name="removeAbandoned" value="true"/>
                <property name="removeAbandonedTimeout" value="60"/>
                <property name="jdbcInterceptors" value="org.apache.tomcat.jdbc.pool.interceptor.ConnectionState;org.apache.tomcat.jdbc.pool.interceptor.StatementFinalizer"/>
            </bean>
        </property>
    </bean>

    <!-- spring和MyBatis整合，不需要mybatis的配置映射文件 -->
    <bean id="sqlSessionFactory" class="org.mybatis.spring.SqlSessionFactoryBean">
        <property name="dataSource" ref="dataSource" />
        <property name="configLocation" value="classpath:conf/mybatis-config.xml"></property>
        <property name="mapperLocations" value="classpath*:com/cqupt/mapping/*.xml"></property>
    </bean>

    <!-- DAO接口所在包名，Spring会自动查找其下的类 -->
    <bean class="org.mybatis.spring.mapper.MapperScannerConfigurer">
        <property name="basePackage" value="com.cqupt.dao" />
        <property name="sqlSessionFactoryBeanName" value="sqlSessionFactory"></property>
    </bean>

    <!-- (事务管理)transaction manager, use JtaTransactionManager for global tx -->
    <bean id="txManager"
          class="org.springframework.jdbc.datasource.DataSourceTransactionManager">
        <property name="dataSource" ref="dataSource" />
    </bean>

    <!-- 注解式事物控制器 使用@Transactional 注解声明事物 -->
    <tx:annotation-driven transaction-manager="txManager" />

</beans>