<?xml version="1.0" encoding="UTF-8"?>
<Configuration status="WARN">
    <Appenders>
        <Console name="Console" target="SYSTEM_OUT">
            <PatternLayout pattern="%d{HH:mm} %-5level %l %msg%n"/>
        </Console>
    </Appenders>

    <Loggers>
        <Root level="debug">
            <AppenderRef ref="Console"/>
        </Root>
        <Logger name="com.cqupt.dao.oracle" level="TRACE" additivity="false">
            <AppenderRef ref="Console"/>
        </Logger>
    </Loggers>
</Configuration>