<?xml version="1.0" encoding="UTF-8"?>
<beans xmlns="http://www.springframework.org/schema/beans"
       xmlns:xsi="http://www.w3.org/2001/XMLSchema-instance" xmlns:context="http://www.springframework.org/schema/context"
       xmlns:mvc="http://www.springframework.org/schema/mvc"
       xmlns:aop="http://www.springframework.org/schema/aop"
       xsi:schemaLocation="
        http://www.springframework.org/schema/beans
        http://www.springframework.org/schema/beans/spring-beans.xsd
        http://www.springframework.org/schema/mvc
        http://www.springframework.org/schema/mvc/spring-mvc.xsd
        http://www.springframework.org/schema/context
        http://www.springframework.org/schema/context/spring-context.xsd
        http://www.springframework.org/schema/aop
        http://www.springframework.org/schema/aop/spring-aop.xsd">

    <aop:aspectj-autoproxy />

    <context:component-scan base-package="com.cqupt.service">
    </context:component-scan>

    <context:component-scan base-package="com.cqupt.dao.mysql">
    </context:component-scan>

    <context:component-scan base-package="com.cqupt.dao.oracle">
    </context:component-scan>

    <context:component-scan base-package="com.cqupt.controller">
    </context:component-scan>

    <context:component-scan base-package="com.cqupt.entity">
    </context:component-scan>

    <bean id="viewResolver"
          class="org.springframework.web.servlet.view.InternalResourceViewResolver">
        <property name="viewClass"
                  value="org.springframework.web.servlet.view.JstlView" />
        <property name="prefix" value="/WEB-INF/jsp/" />
        <property name="suffix" value=".jsp"></property>
    </bean>

<!--    <mvc:annotation-driven>
    </mvc:annotation-driven>-->

    <mvc:annotation-driven>
        <mvc:message-converters>
            <ref bean="stringHttpMessageConverter"/>
            <ref bean="mappingGsonHttpMessageConverter" />
        </mvc:message-converters>
    </mvc:annotation-driven>

    <bean id="stringHttpMessageConverter"
          class="org.springframework.http.converter.StringHttpMessageConverter">
        <property name="supportedMediaTypes">
            <list>
                <value>text/html;charset=UTF-8</value>
            </list>
        </property>
    </bean>

    <bean id="mappingGsonHttpMessageConverter"
          class="org.springframework.http.converter.json.GsonHttpMessageConverter">
        <property name="supportedMediaTypes">
            <list>
                <value>text/html;charset=UTF-8</value>
            </list>
        </property>
    </bean>

    <bean name="multipartResolver"
          class="org.springframework.web.multipart.commons.CommonsMultipartResolver">
        <property name="defaultEncoding" value="UTF-8"></property>
    </bean>

    <mvc:default-servlet-handler />

<!--    <mvc:interceptors>-->
<!--        <mvc:interceptor>-->
<!--            <mvc:mapping path="/folder1/**" />-->
<!--            <mvc:mapping path="/folder2/**" />-->
<!--            <mvc:exclude-mapping path="/folder1/login" />-->
<!--            <mvc:exclude-mapping path="/folder1/register" />-->
<!--            <bean class="com.cqupt.common.AuthIntercepter" />-->
<!--        </mvc:interceptor>-->
<!--    </mvc:interceptors>&ndash;&gt;-->

<!--    拦截器：拦截除了登录页面的所有页面，并将其他页面重定向到登录页-->
    <mvc:interceptors>
        <mvc:interceptor>
            <mvc:mapping path="/**" />
            <mvc:exclude-mapping path="/login" />
            <bean class="com.cqupt.common.AuthIntercepter" />
        </mvc:interceptor>
    </mvc:interceptors>


</beans>